seed,config,calibrated,f1,precision,recall,far,roc_auc,pr_auc,weights
0,anom,False,0.6647,0.5051,0.9715,0.9749,0.5089,0.5121,1.000
0,rul,False,0.8896,0.8011,1.0,0.2543,0.9935,0.9909,1.000
0,nn,False,0.6647,0.5043,0.9747,0.9814,0.5191,0.5219,1.000
0,anom+rul,False,0.8795,0.7898,0.9921,0.2704,0.9868,0.983,"0.500,0.500"
0,anom+nn,False,0.6649,0.5047,0.9739,0.9789,0.5228,0.5341,"0.500,0.500"
0,rul+nn,False,0.8533,0.7441,1.0,0.3522,0.9838,0.9746,"0.500,0.500"
0,anom+rul+nn,True,0.8896,0.8011,1.0,0.2543,0.9935,0.9909,"0.001,0.999,0.000"
1,anom,False,0.1027,0.52,0.057,0.0442,0.5085,0.4602,1.000
1,rul,False,0.8763,0.7799,1.0,0.2369,0.9927,0.9869,1.000
1,nn,False,0.6277,0.461,0.9833,0.9654,0.5186,0.4749,1.000
1,anom+rul,False,0.8766,0.7808,0.9991,0.2355,0.9796,0.9625,"0.500,0.500"
1,anom+nn,False,0.6036,0.4584,0.8834,0.8764,0.5187,0.4748,"0.500,0.500"
1,rul+nn,False,0.8461,0.7333,1.0,0.3054,0.9848,0.9704,"0.500,0.500"
1,anom+rul+nn,True,0.8763,0.7799,1.0,0.2369,0.9927,0.9871,"0.001,0.999,0.000"
2,anom,False,0.6498,0.4879,0.9723,0.9835,0.4992,0.4923,1.000
2,rul,False,0.8946,0.8094,1.0,0.227,0.9908,0.9845,1.000
2,nn,False,0.65,0.4878,0.9739,0.9859,0.5094,0.5088,1.000
2,anom+rul,False,0.8866,0.8,0.9943,0.2396,0.9861,0.9807,"0.500,0.500"
2,anom+nn,False,0.6509,0.4884,0.9756,0.9851,0.5095,0.5098,"0.500,0.500"
2,rul+nn,False,0.8665,0.7645,1.0,0.2969,0.9857,0.9786,"0.500,0.500"
2,anom+rul+nn,True,0.8946,0.8094,1.0,0.227,0.9908,0.9845,"0.001,0.999,0.000"
3,anom,False,0.6162,0.4504,0.9752,0.9767,0.4984,0.4465,1.000
3,rul,False,0.873,0.7746,1.0,0.2389,0.9925,0.9863,1.000
3,nn,False,0.6195,0.4522,0.9831,0.9774,0.4897,0.4448,1.000
3,anom+rul,False,0.8623,0.761,0.9947,0.2564,0.9879,0.9812,"0.500,0.500"
3,anom+nn,False,0.6171,0.4504,0.9796,0.9811,0.488,0.4413,"0.500,0.500"
3,rul+nn,False,0.8333,0.7142,1.0,0.3285,0.986,0.9764,"0.500,0.500"
3,anom+rul+nn,True,0.873,0.7746,1.0,0.2389,0.9925,0.9864,"0.001,0.999,0.000"
4,anom,False,0.6418,0.4731,0.9974,0.9663,0.488,0.4694,1.000
4,rul,False,0.8728,0.7743,1.0,0.2536,0.9902,0.9836,1.000
4,nn,False,0.6385,0.4703,0.994,0.9738,0.473,0.4298,1.000
4,anom+rul,False,0.8661,0.7648,0.9983,0.267,0.9866,0.9777,"0.500,0.500"
4,anom+nn,False,0.641,0.4725,0.9966,0.9678,0.4743,0.4287,"0.500,0.500"
4,rul+nn,False,0.8346,0.7161,1.0,0.3448,0.9821,0.9667,"0.500,0.500"
4,anom+rul+nn,True,0.8728,0.7743,1.0,0.2536,0.9902,0.9836,"0.001,0.999,0.000"
5,anom,False,0.6289,0.4647,0.9722,0.957,0.5028,0.4642,1.000
5,rul,False,0.8824,0.7896,1.0,0.2277,0.9916,0.9828,1.000
5,nn,False,0.6306,0.4636,0.9852,0.974,0.5154,0.4715,1.000
5,anom+rul,False,0.8737,0.7778,0.9965,0.2433,0.9887,0.9799,"0.500,0.500"
5,anom+nn,False,0.6285,0.4635,0.9757,0.9651,0.5154,0.4706,"0.500,0.500"
5,rul+nn,False,0.8384,0.7218,1.0,0.3294,0.9856,0.9748,"0.500,0.500"
5,anom+rul+nn,True,0.8824,0.7896,1.0,0.2277,0.9916,0.9827,"0.001,0.999,0.000"
6,anom,False,0.6277,0.4702,0.9439,0.9724,0.4809,0.4686,1.000
6,rul,False,0.8851,0.7939,1.0,0.2374,0.9939,0.9899,1.000
6,nn,False,0.6391,0.476,0.9724,0.9786,0.4756,0.4701,1.000
6,anom+rul,False,0.8758,0.7821,0.995,0.2534,0.9875,0.9836,"0.500,0.500"
6,anom+nn,False,0.6342,0.4736,0.9598,0.9755,0.4706,0.4675,"0.500,0.500"
6,rul+nn,False,0.8447,0.7312,1.0,0.3361,0.9853,0.9761,"0.500,0.500"
6,anom+rul+nn,True,0.8851,0.7939,1.0,0.2374,0.9938,0.9897,"0.001,0.999,0.000"
7,anom,False,0.631,0.4675,0.97,0.9655,0.5115,0.473,1.000
7,rul,False,0.887,0.797,1.0,0.2226,0.9914,0.9834,1.000
7,nn,False,0.6364,0.4698,0.9863,0.973,0.5145,0.4795,1.000
7,anom+rul,False,0.8822,0.7902,0.9983,0.2316,0.9878,0.979,"0.500,0.500"
7,anom+nn,False,0.6341,0.4688,0.9794,0.97,0.5146,0.4872,"0.500,0.500"
7,rul+nn,False,0.8555,0.7474,1.0,0.2954,0.9883,0.9823,"0.500,0.500"
7,anom+rul+nn,True,0.887,0.797,1.0,0.2226,0.9915,0.9835,"0.001,0.999,0.000"
8,anom,False,0.0864,0.4109,0.0483,0.0542,0.4992,0.4417,1.000
8,rul,False,0.8619,0.7572,1.0,0.2511,0.9925,0.9841,1.000
8,nn,False,0.6058,0.4392,0.9763,0.9765,0.4972,0.436,1.000
8,anom+rul,False,0.8556,0.7486,0.9982,0.2625,0.9794,0.9588,"0.500,0.500"
8,anom+nn,False,0.5871,0.4421,0.8734,0.8631,0.4973,0.4358,"0.500,0.500"
8,rul+nn,False,0.8259,0.7034,1.0,0.3302,0.9863,0.9682,"0.500,0.500"
8,anom+rul+nn,True,0.8619,0.7572,1.0,0.2511,0.9926,0.9847,"0.001,0.999,0.000"
9,anom,False,0.6012,0.4325,0.9857,0.9352,0.5236,0.434,1.000
9,rul,False,0.8695,0.7691,1.0,0.2171,0.9931,0.9855,1.000
9,nn,False,0.5976,0.4275,0.9924,0.9607,0.5152,0.4302,1.000
9,anom+rul,False,0.8607,0.7565,0.9981,0.2323,0.9916,0.9837,"0.500,0.500"
9,anom+nn,False,0.5995,0.4299,0.9905,0.9497,0.5193,0.432,"0.500,0.500"
9,rul+nn,False,0.827,0.705,1.0,0.3025,0.9866,0.9712,"0.500,0.500"
9,anom+rul+nn,True,0.8695,0.7691,1.0,0.2171,0.9931,0.9855,"0.001,0.999,0.000"
