subset,seed,method,rmse,mae,score,alpha_lambda,sec
FD001,0,Linear Regression,20.591,16.37,1223.9,0.52,0.0
FD001,0,Random Forest,17.206,11.95,971.8,0.64,9.0
FD001,0,Gradient Boosting,17.416,12.027,1107.5,0.7,6.0
FD001,0,LSTM (MSE),13.726,10.876,346.9,0.59,67.3
FD001,0,Proposed (LSTM quantile),15.879,12.47,544.3,0.53,64.3
FD001,1,Linear Regression,20.591,16.37,1223.9,0.52,0.0
FD001,1,Random Forest,17.636,12.528,972.3,0.68,9.3
FD001,1,Gradient Boosting,17.416,12.027,1107.5,0.7,6.4
FD001,1,LSTM (MSE),12.541,10.091,270.0,0.65,64.6
FD001,1,Proposed (LSTM quantile),16.331,12.719,578.1,0.51,64.3
FD001,2,Linear Regression,20.591,16.37,1223.9,0.52,0.0
FD001,2,Random Forest,17.306,12.249,978.2,0.67,9.3
FD001,2,Gradient Boosting,17.416,12.027,1107.5,0.7,6.4
FD001,2,LSTM (MSE),13.366,10.957,292.5,0.61,62.3
FD001,2,Proposed (LSTM quantile),14.758,11.5,450.9,0.56,64.8
FD001,3,Linear Regression,20.591,16.37,1223.9,0.52,0.0
FD001,3,Random Forest,17.303,12.075,1016.3,0.68,9.2
FD001,3,Gradient Boosting,17.416,12.027,1107.5,0.7,6.3
FD001,3,LSTM (MSE),13.35,11.219,286.7,0.58,64.6
FD001,3,Proposed (LSTM quantile),15.717,11.799,498.5,0.56,65.0
FD001,4,Linear Regression,20.591,16.37,1223.9,0.52,0.0
FD001,4,Random Forest,17.129,12.14,916.6,0.64,9.3
FD001,4,Gradient Boosting,17.416,12.027,1107.5,0.7,6.4
FD001,4,LSTM (MSE),12.791,10.321,245.9,0.63,63.2
FD001,4,Proposed (LSTM quantile),14.433,11.535,430.5,0.57,59.7
FD001,5,Linear Regression,20.591,16.37,1223.9,0.52,0.0
FD001,5,Random Forest,17.48,12.423,957.8,0.67,9.1
FD001,5,Gradient Boosting,17.416,12.027,1107.5,0.7,6.2
FD001,5,LSTM (MSE),13.236,10.196,277.6,0.63,59.1
FD001,5,Proposed (LSTM quantile),15.356,12.058,512.6,0.51,62.8
FD001,6,Linear Regression,20.591,16.37,1223.9,0.52,0.0
FD001,6,Random Forest,17.724,12.361,1160.4,0.65,9.2
FD001,6,Gradient Boosting,17.416,12.027,1107.5,0.7,6.4
FD001,6,LSTM (MSE),12.806,10.614,250.9,0.62,65.9
FD001,6,Proposed (LSTM quantile),16.753,13.07,625.6,0.52,63.1
FD001,7,Linear Regression,20.591,16.37,1223.9,0.52,0.0
FD001,7,Random Forest,17.612,12.424,1025.7,0.67,9.2
FD001,7,Gradient Boosting,17.416,12.027,1107.5,0.7,6.4
FD001,7,LSTM (MSE),13.089,10.627,278.7,0.65,59.3
FD001,7,Proposed (LSTM quantile),18.364,13.994,933.0,0.51,63.1
FD002,0,Linear Regression,20.736,16.589,2837.0,0.486,0.0
FD002,0,Random Forest,17.838,13.268,4660.2,0.541,31.4
FD002,0,Gradient Boosting,17.726,13.365,3037.6,0.541,20.7
FD002,0,LSTM (MSE),15.11,12.472,1045.5,0.575,131.4
FD002,0,Proposed (LSTM quantile),16.331,11.338,2180.9,0.575,149.4
FD002,1,Linear Regression,20.736,16.589,2837.0,0.486,0.0
FD002,1,Random Forest,18.224,13.542,4581.9,0.544,32.5
FD002,1,Gradient Boosting,17.726,13.365,3037.6,0.541,21.0
FD002,1,LSTM (MSE),15.161,11.593,1204.9,0.579,145.2
FD002,1,Proposed (LSTM quantile),16.372,11.152,2281.4,0.587,152.6
FD002,2,Linear Regression,20.736,16.589,2837.0,0.486,0.0
FD002,2,Random Forest,18.221,13.544,4839.9,0.548,31.6
FD002,2,Gradient Boosting,17.726,13.365,3037.6,0.541,20.7
FD002,2,LSTM (MSE),14.661,11.044,1117.9,0.602,135.1
FD002,2,Proposed (LSTM quantile),15.421,11.186,1424.1,0.568,148.8
FD002,3,Linear Regression,20.736,16.589,2837.0,0.486,0.0
FD002,3,Random Forest,18.086,13.528,4189.4,0.541,31.4
FD002,3,Gradient Boosting,17.726,13.365,3037.6,0.541,20.4
FD002,3,LSTM (MSE),14.612,11.229,897.7,0.61,145.9
FD002,3,Proposed (LSTM quantile),14.3,9.745,1567.0,0.595,126.7
FD002,4,Linear Regression,20.736,16.589,2837.0,0.486,0.0
FD002,4,Random Forest,18.166,13.369,4964.3,0.544,31.3
FD002,4,Gradient Boosting,17.726,13.365,3037.6,0.541,20.4
FD002,4,LSTM (MSE),15.026,11.229,1014.5,0.598,145.6
FD002,4,Proposed (LSTM quantile),14.8,10.443,1774.7,0.571,151.3
FD002,5,Linear Regression,20.736,16.589,2837.0,0.486,0.0
FD002,5,Random Forest,17.907,13.247,5211.7,0.575,32.4
FD002,5,Gradient Boosting,17.726,13.365,3037.6,0.541,21.1
FD002,5,LSTM (MSE),15.065,11.647,1192.6,0.575,141.6
FD002,5,Proposed (LSTM quantile),16.044,11.381,1564.9,0.548,147.1
FD002,6,Linear Regression,20.736,16.589,2837.0,0.486,0.0
FD002,6,Random Forest,18.083,13.426,4872.1,0.56,31.4
FD002,6,Gradient Boosting,17.726,13.365,3037.6,0.541,20.3
FD002,6,LSTM (MSE),14.665,11.052,986.6,0.622,144.5
FD002,6,Proposed (LSTM quantile),15.249,10.71,1311.8,0.579,148.1
FD002,7,Linear Regression,20.736,16.589,2837.0,0.486,0.0
FD002,7,Random Forest,17.996,13.357,4614.2,0.568,31.3
FD002,7,Gradient Boosting,17.726,13.365,3037.6,0.541,20.5
FD002,7,LSTM (MSE),14.844,11.483,1074.0,0.575,149.0
FD002,7,Proposed (LSTM quantile),16.696,11.525,2682.6,0.552,142.6
FD003,0,Linear Regression,21.388,16.412,2171.8,0.48,0.0
FD003,0,Random Forest,20.209,14.551,2035.4,0.6,11.9
FD003,0,Gradient Boosting,21.197,14.876,2932.8,0.54,7.9
FD003,0,LSTM (MSE),14.857,10.299,1067.1,0.65,74.5
FD003,0,Proposed (LSTM quantile),17.273,11.982,1858.4,0.53,76.8
FD003,1,Linear Regression,21.388,16.412,2171.8,0.48,0.0
FD003,1,Random Forest,20.416,14.639,2171.1,0.58,11.9
FD003,1,Gradient Boosting,21.197,14.876,2932.8,0.54,7.8
FD003,1,LSTM (MSE),15.327,11.33,727.8,0.59,70.4
FD003,1,Proposed (LSTM quantile),17.549,12.153,1897.6,0.53,74.8
FD003,2,Linear Regression,21.388,16.412,2171.8,0.48,0.0
FD003,2,Random Forest,19.933,14.388,2012.7,0.57,12.5
FD003,2,Gradient Boosting,21.197,14.876,2932.8,0.54,8.0
FD003,2,LSTM (MSE),14.389,10.647,901.2,0.66,68.5
FD003,2,Proposed (LSTM quantile),16.312,10.773,1763.0,0.64,70.9
FD003,3,Linear Regression,21.388,16.412,2171.8,0.48,0.0
FD003,3,Random Forest,20.041,14.55,1949.6,0.56,11.7
FD003,3,Gradient Boosting,21.197,14.876,2932.8,0.54,7.7
FD003,3,LSTM (MSE),14.619,10.761,655.0,0.61,65.8
FD003,3,Proposed (LSTM quantile),16.679,11.39,1797.2,0.56,71.2
FD003,4,Linear Regression,21.388,16.412,2171.8,0.48,0.0
FD003,4,Random Forest,20.349,14.637,2084.5,0.59,11.9
FD003,4,Gradient Boosting,21.197,14.876,2932.8,0.54,7.9
FD003,4,LSTM (MSE),14.896,11.438,583.2,0.55,77.9
FD003,4,Proposed (LSTM quantile),16.698,11.6,1786.8,0.57,78.1
FD003,5,Linear Regression,21.388,16.412,2171.8,0.48,0.0
FD003,5,Random Forest,20.224,14.819,1988.2,0.57,12.2
FD003,5,Gradient Boosting,21.197,14.876,2932.8,0.54,8.0
FD003,5,LSTM (MSE),14.961,11.159,630.3,0.6,75.9
FD003,5,Proposed (LSTM quantile),17.424,12.093,1772.6,0.56,76.4
FD003,6,Linear Regression,21.388,16.412,2171.8,0.48,0.0
FD003,6,Random Forest,20.342,14.495,2130.8,0.58,12.0
FD003,6,Gradient Boosting,21.197,14.876,2932.8,0.54,8.1
FD003,6,LSTM (MSE),14.211,10.362,546.9,0.64,74.8
FD003,6,Proposed (LSTM quantile),17.335,11.682,1871.8,0.59,77.4
FD003,7,Linear Regression,21.388,16.412,2171.8,0.48,0.0
FD003,7,Random Forest,20.421,14.533,2353.4,0.57,12.1
FD003,7,Gradient Boosting,21.197,14.876,2932.8,0.54,8.0
FD003,7,LSTM (MSE),15.149,11.01,1065.8,0.59,74.8
FD003,7,Proposed (LSTM quantile),16.116,11.659,800.5,0.54,76.8
FD004,0,Linear Regression,25.871,21.102,5832.2,0.427,0.0
FD004,0,Random Forest,20.843,15.485,3567.1,0.512,40.9
FD004,0,Gradient Boosting,20.719,15.352,4888.7,0.512,23.9
FD004,0,LSTM (MSE),14.932,11.226,1314.1,0.621,135.8
FD004,0,Proposed (LSTM quantile),15.77,11.564,1508.6,0.581,175.8
FD004,1,Linear Regression,25.871,21.102,5832.2,0.427,0.0
FD004,1,Random Forest,20.944,15.517,3427.3,0.52,41.2
FD004,1,Gradient Boosting,20.719,15.352,4888.7,0.512,24.6
FD004,1,LSTM (MSE),16.464,12.509,1573.9,0.585,179.8
FD004,1,Proposed (LSTM quantile),16.919,11.853,2008.0,0.565,171.5
FD004,2,Linear Regression,25.871,21.102,5832.2,0.427,0.0
FD004,2,Random Forest,21.154,15.818,3652.0,0.504,41.0
FD004,2,Gradient Boosting,20.719,15.352,4888.7,0.512,23.9
FD004,2,LSTM (MSE),14.934,11.312,1121.4,0.621,147.4
FD004,2,Proposed (LSTM quantile),15.567,10.996,1503.7,0.565,180.0
FD004,3,Linear Regression,25.871,21.102,5832.2,0.427,0.0
FD004,3,Random Forest,20.988,15.673,3322.5,0.512,41.4
FD004,3,Gradient Boosting,20.719,15.352,4888.7,0.512,24.7
FD004,3,LSTM (MSE),17.063,13.181,1659.9,0.548,170.9
FD004,3,Proposed (LSTM quantile),16.811,12.265,2032.7,0.56,190.3
FD004,4,Linear Regression,25.871,21.102,5832.2,0.427,0.0
FD004,4,Random Forest,20.959,15.598,3638.6,0.516,40.3
FD004,4,Gradient Boosting,20.719,15.352,4888.7,0.512,23.8
FD004,4,LSTM (MSE),15.492,11.793,1528.2,0.597,132.4
FD004,4,Proposed (LSTM quantile),15.908,11.51,1546.2,0.573,173.0
FD004,5,Linear Regression,25.871,21.102,5832.2,0.427,0.0
FD004,5,Random Forest,21.076,15.718,3695.9,0.488,40.7
FD004,5,Gradient Boosting,20.719,15.352,4888.7,0.512,24.1
FD004,5,LSTM (MSE),15.469,11.507,1304.9,0.597,173.1
FD004,5,Proposed (LSTM quantile),15.909,11.1,2160.7,0.569,169.5
FD004,6,Linear Regression,25.871,21.102,5832.2,0.427,0.0
FD004,6,Random Forest,21.123,15.846,3813.8,0.496,40.6
FD004,6,Gradient Boosting,20.719,15.352,4888.7,0.512,23.6
FD004,6,LSTM (MSE),15.374,12.184,967.8,0.56,163.4
FD004,6,Proposed (LSTM quantile),16.039,11.372,1672.9,0.577,162.3
FD004,7,Linear Regression,25.871,21.102,5832.2,0.427,0.0
FD004,7,Random Forest,21.276,15.835,3786.5,0.512,40.3
FD004,7,Gradient Boosting,20.719,15.352,4888.7,0.512,23.6
FD004,7,LSTM (MSE),15.457,11.862,1272.9,0.593,159.5
FD004,7,Proposed (LSTM quantile),15.792,11.506,1348.9,0.565,165.8
