alpha,rep,n_calib,n_test,n_flagged,empirical_far
0.01,0,186,186,0,0.0
0.05,0,186,186,9,0.04839
0.1,0,186,186,18,0.09677
0.01,1,186,186,5,0.02688
0.05,1,186,186,13,0.06989
0.1,1,186,186,15,0.08065
0.01,2,186,186,0,0.0
0.05,2,186,186,7,0.03763
0.1,2,186,186,13,0.06989
0.01,3,186,186,1,0.00538
0.05,3,186,186,11,0.05914
0.1,3,186,186,16,0.08602
0.01,4,186,186,0,0.0
0.05,4,186,186,9,0.04839
0.1,4,186,186,13,0.06989
0.01,5,186,186,0,0.0
0.05,5,186,186,7,0.03763
0.1,5,186,186,17,0.0914
0.01,6,186,186,0,0.0
0.05,6,186,186,6,0.03226
0.1,6,186,186,15,0.08065
0.01,7,186,186,3,0.01613
0.05,7,186,186,10,0.05376
0.1,7,186,186,22,0.11828
0.01,8,186,186,1,0.00538
0.05,8,186,186,5,0.02688
0.1,8,186,186,15,0.08065
0.01,9,186,186,1,0.00538
0.05,9,186,186,7,0.03763
0.1,9,186,186,19,0.10215
0.01,10,186,186,1,0.00538
0.05,10,186,186,6,0.03226
0.1,10,186,186,18,0.09677
0.01,11,186,186,0,0.0
0.05,11,186,186,7,0.03763
0.1,11,186,186,20,0.10753
0.01,12,186,186,0,0.0
0.05,12,186,186,3,0.01613
0.1,12,186,186,9,0.04839
0.01,13,186,186,0,0.0
0.05,13,186,186,5,0.02688
0.1,13,186,186,12,0.06452
0.01,14,186,186,0,0.0
0.05,14,186,186,7,0.03763
0.1,14,186,186,18,0.09677
0.01,15,186,186,0,0.0
0.05,15,186,186,16,0.08602
0.1,15,186,186,20,0.10753
0.01,16,186,186,1,0.00538
0.05,16,186,186,7,0.03763
0.1,16,186,186,16,0.08602
0.01,17,186,186,2,0.01075
0.05,17,186,186,12,0.06452
0.1,17,186,186,22,0.11828
0.01,18,186,186,1,0.00538
0.05,18,186,186,7,0.03763
0.1,18,186,186,11,0.05914
0.01,19,186,186,0,0.0
0.05,19,186,186,10,0.05376
0.1,19,186,186,20,0.10753
0.01,20,186,186,1,0.00538
0.05,20,186,186,8,0.04301
0.1,20,186,186,22,0.11828
0.01,21,186,186,2,0.01075
0.05,21,186,186,14,0.07527
0.1,21,186,186,23,0.12366
0.01,22,186,186,3,0.01613
0.05,22,186,186,15,0.08065
0.1,22,186,186,24,0.12903
0.01,23,186,186,1,0.00538
0.05,23,186,186,3,0.01613
0.1,23,186,186,9,0.04839
0.01,24,186,186,1,0.00538
0.05,24,186,186,6,0.03226
0.1,24,186,186,16,0.08602
0.01,25,186,186,0,0.0
0.05,25,186,186,10,0.05376
0.1,25,186,186,16,0.08602
0.01,26,186,186,5,0.02688
0.05,26,186,186,15,0.08065
0.1,26,186,186,28,0.15054
0.01,27,186,186,0,0.0
0.05,27,186,186,8,0.04301
0.1,27,186,186,14,0.07527
0.01,28,186,186,1,0.00538
0.05,28,186,186,10,0.05376
0.1,28,186,186,19,0.10215
0.01,29,186,186,0,0.0
0.05,29,186,186,7,0.03763
0.1,29,186,186,15,0.08065
0.01,30,186,186,2,0.01075
0.05,30,186,186,11,0.05914
0.1,30,186,186,24,0.12903
0.01,31,186,186,0,0.0
0.05,31,186,186,3,0.01613
0.1,31,186,186,11,0.05914
0.01,32,186,186,1,0.00538
0.05,32,186,186,8,0.04301
0.1,32,186,186,17,0.0914
0.01,33,186,186,0,0.0
0.05,33,186,186,11,0.05914
0.1,33,186,186,14,0.07527
0.01,34,186,186,1,0.00538
0.05,34,186,186,10,0.05376
0.1,34,186,186,23,0.12366
0.01,35,186,186,0,0.0
0.05,35,186,186,9,0.04839
0.1,35,186,186,16,0.08602
0.01,36,186,186,0,0.0
0.05,36,186,186,5,0.02688
0.1,36,186,186,20,0.10753
0.01,37,186,186,1,0.00538
0.05,37,186,186,6,0.03226
0.1,37,186,186,14,0.07527
0.01,38,186,186,1,0.00538
0.05,38,186,186,9,0.04839
0.1,38,186,186,20,0.10753
0.01,39,186,186,1,0.00538
0.05,39,186,186,11,0.05914
0.1,39,186,186,26,0.13978
0.01,40,186,186,0,0.0
0.05,40,186,186,7,0.03763
0.1,40,186,186,23,0.12366
0.01,41,186,186,0,0.0
0.05,41,186,186,5,0.02688
0.1,41,186,186,13,0.06989
0.01,42,186,186,1,0.00538
0.05,42,186,186,9,0.04839
0.1,42,186,186,26,0.13978
0.01,43,186,186,0,0.0
0.05,43,186,186,13,0.06989
0.1,43,186,186,23,0.12366
0.01,44,186,186,2,0.01075
0.05,44,186,186,5,0.02688
0.1,44,186,186,8,0.04301
0.01,45,186,186,0,0.0
0.05,45,186,186,5,0.02688
0.1,45,186,186,10,0.05376
0.01,46,186,186,3,0.01613
0.05,46,186,186,17,0.0914
0.1,46,186,186,27,0.14516
0.01,47,186,186,1,0.00538
0.05,47,186,186,9,0.04839
0.1,47,186,186,19,0.10215
0.01,48,186,186,0,0.0
0.05,48,186,186,10,0.05376
0.1,48,186,186,25,0.13441
0.01,49,186,186,1,0.00538
0.05,49,186,186,11,0.05914
0.1,49,186,186,25,0.13441
