part,alpha,rep,mode,scheme,phase,n_test,n_flagged,far
stratified,0.05,0,0,pooled,,247,23,0.09312
stratified,0.05,0,0,stratified,,247,19,0.07692
stratified,0.05,0,1,pooled,,247,1,0.00405
stratified,0.05,0,1,stratified,,247,12,0.04858
stratified,0.05,0,2,pooled,,247,12,0.04858
stratified,0.05,0,2,stratified,,247,9,0.03644
stratified,0.1,0,0,pooled,,247,34,0.13765
stratified,0.1,0,0,stratified,,247,27,0.10931
stratified,0.1,0,1,pooled,,247,2,0.0081
stratified,0.1,0,1,stratified,,247,26,0.10526
stratified,0.1,0,2,pooled,,247,32,0.12955
stratified,0.1,0,2,stratified,,247,19,0.07692
recalib,0.05,0,-1,,pre-drift,247,4,0.01619
recalib,0.05,0,-1,,post-drift-stale,247,247,1.0
recalib,0.05,0,-1,,post-drift-recalibrated,247,8,0.03239
recalib,0.1,0,-1,,pre-drift,247,13,0.05263
recalib,0.1,0,-1,,post-drift-stale,247,247,1.0
recalib,0.1,0,-1,,post-drift-recalibrated,247,17,0.06883
stratified,0.05,1,0,pooled,,247,16,0.06478
stratified,0.05,1,0,stratified,,247,12,0.04858
stratified,0.05,1,1,pooled,,247,3,0.01215
stratified,0.05,1,1,stratified,,247,15,0.06073
stratified,0.05,1,2,pooled,,247,8,0.03239
stratified,0.05,1,2,stratified,,247,4,0.01619
stratified,0.1,1,0,pooled,,247,32,0.12955
stratified,0.1,1,0,stratified,,247,18,0.07287
stratified,0.1,1,1,pooled,,247,8,0.03239
stratified,0.1,1,1,stratified,,247,25,0.10121
stratified,0.1,1,2,pooled,,247,19,0.07692
stratified,0.1,1,2,stratified,,247,9,0.03644
recalib,0.05,1,-1,,pre-drift,247,10,0.04049
recalib,0.05,1,-1,,post-drift-stale,247,247,1.0
recalib,0.05,1,-1,,post-drift-recalibrated,247,0,0.0
recalib,0.1,1,-1,,pre-drift,247,23,0.09312
recalib,0.1,1,-1,,post-drift-stale,247,247,1.0
recalib,0.1,1,-1,,post-drift-recalibrated,247,11,0.04453
stratified,0.05,2,0,pooled,,247,11,0.04453
stratified,0.05,2,0,stratified,,247,9,0.03644
stratified,0.05,2,1,pooled,,247,0,0.0
stratified,0.05,2,1,stratified,,247,2,0.0081
stratified,0.05,2,2,pooled,,247,17,0.06883
stratified,0.05,2,2,stratified,,247,11,0.04453
stratified,0.1,2,0,pooled,,247,23,0.09312
stratified,0.1,2,0,stratified,,247,19,0.07692
stratified,0.1,2,1,pooled,,247,3,0.01215
stratified,0.1,2,1,stratified,,247,7,0.02834
stratified,0.1,2,2,pooled,,247,38,0.15385
stratified,0.1,2,2,stratified,,247,26,0.10526
recalib,0.05,2,-1,,pre-drift,247,2,0.0081
recalib,0.05,2,-1,,post-drift-stale,247,247,1.0
recalib,0.05,2,-1,,post-drift-recalibrated,247,16,0.06478
recalib,0.1,2,-1,,pre-drift,247,8,0.03239
recalib,0.1,2,-1,,post-drift-stale,247,247,1.0
recalib,0.1,2,-1,,post-drift-recalibrated,247,31,0.12551
stratified,0.05,3,0,pooled,,247,16,0.06478
stratified,0.05,3,0,stratified,,247,12,0.04858
stratified,0.05,3,1,pooled,,247,0,0.0
stratified,0.05,3,1,stratified,,247,12,0.04858
stratified,0.05,3,2,pooled,,247,8,0.03239
stratified,0.05,3,2,stratified,,247,4,0.01619
stratified,0.1,3,0,pooled,,247,33,0.1336
stratified,0.1,3,0,stratified,,247,26,0.10526
stratified,0.1,3,1,pooled,,247,0,0.0
stratified,0.1,3,1,stratified,,247,21,0.08502
stratified,0.1,3,2,pooled,,247,21,0.08502
stratified,0.1,3,2,stratified,,247,13,0.05263
recalib,0.05,3,-1,,pre-drift,247,5,0.02024
recalib,0.05,3,-1,,post-drift-stale,247,247,1.0
recalib,0.05,3,-1,,post-drift-recalibrated,247,16,0.06478
recalib,0.1,3,-1,,pre-drift,247,13,0.05263
recalib,0.1,3,-1,,post-drift-stale,247,247,1.0
recalib,0.1,3,-1,,post-drift-recalibrated,247,25,0.10121
stratified,0.05,4,0,pooled,,247,6,0.02429
stratified,0.05,4,0,stratified,,247,1,0.00405
stratified,0.05,4,1,pooled,,247,0,0.0
stratified,0.05,4,1,stratified,,247,7,0.02834
stratified,0.05,4,2,pooled,,247,0,0.0
stratified,0.05,4,2,stratified,,247,0,0.0
stratified,0.1,4,0,pooled,,247,17,0.06883
stratified,0.1,4,0,stratified,,247,7,0.02834
stratified,0.1,4,1,pooled,,247,0,0.0
stratified,0.1,4,1,stratified,,247,23,0.09312
stratified,0.1,4,2,pooled,,247,3,0.01215
stratified,0.1,4,2,stratified,,247,3,0.01215
recalib,0.05,4,-1,,pre-drift,247,6,0.02429
recalib,0.05,4,-1,,post-drift-stale,247,247,1.0
recalib,0.05,4,-1,,post-drift-recalibrated,247,23,0.09312
recalib,0.1,4,-1,,pre-drift,247,14,0.05668
recalib,0.1,4,-1,,post-drift-stale,247,247,1.0
recalib,0.1,4,-1,,post-drift-recalibrated,247,42,0.17004
stratified,0.05,5,0,pooled,,247,13,0.05263
stratified,0.05,5,0,stratified,,247,11,0.04453
stratified,0.05,5,1,pooled,,247,3,0.01215
stratified,0.05,5,1,stratified,,247,12,0.04858
stratified,0.05,5,2,pooled,,247,18,0.07287
stratified,0.05,5,2,stratified,,247,3,0.01215
stratified,0.1,5,0,pooled,,247,31,0.12551
stratified,0.1,5,0,stratified,,247,21,0.08502
stratified,0.1,5,1,pooled,,247,5,0.02024
stratified,0.1,5,1,stratified,,247,25,0.10121
stratified,0.1,5,2,pooled,,247,29,0.11741
stratified,0.1,5,2,stratified,,247,18,0.07287
recalib,0.05,5,-1,,pre-drift,247,9,0.03644
recalib,0.05,5,-1,,post-drift-stale,247,247,1.0
recalib,0.05,5,-1,,post-drift-recalibrated,247,4,0.01619
recalib,0.1,5,-1,,pre-drift,247,33,0.1336
recalib,0.1,5,-1,,post-drift-stale,247,247,1.0
recalib,0.1,5,-1,,post-drift-recalibrated,247,9,0.03644
stratified,0.05,6,0,pooled,,247,18,0.07287
stratified,0.05,6,0,stratified,,247,11,0.04453
stratified,0.05,6,1,pooled,,247,1,0.00405
stratified,0.05,6,1,stratified,,247,10,0.04049
stratified,0.05,6,2,pooled,,247,11,0.04453
stratified,0.05,6,2,stratified,,247,1,0.00405
stratified,0.1,6,0,pooled,,247,38,0.15385
stratified,0.1,6,0,stratified,,247,24,0.09717
stratified,0.1,6,1,pooled,,247,2,0.0081
stratified,0.1,6,1,stratified,,247,31,0.12551
stratified,0.1,6,2,pooled,,247,21,0.08502
stratified,0.1,6,2,stratified,,247,18,0.07287
recalib,0.05,6,-1,,pre-drift,247,13,0.05263
recalib,0.05,6,-1,,post-drift-stale,247,247,1.0
recalib,0.05,6,-1,,post-drift-recalibrated,247,8,0.03239
recalib,0.1,6,-1,,pre-drift,247,18,0.07287
recalib,0.1,6,-1,,post-drift-stale,247,247,1.0
recalib,0.1,6,-1,,post-drift-recalibrated,247,14,0.05668
stratified,0.05,7,0,pooled,,247,7,0.02834
stratified,0.05,7,0,stratified,,247,0,0.0
stratified,0.05,7,1,pooled,,247,0,0.0
stratified,0.05,7,1,stratified,,247,31,0.12551
stratified,0.05,7,2,pooled,,247,6,0.02429
stratified,0.05,7,2,stratified,,247,38,0.15385
stratified,0.1,7,0,pooled,,247,28,0.11336
stratified,0.1,7,0,stratified,,247,3,0.01215
stratified,0.1,7,1,pooled,,247,5,0.02024
stratified,0.1,7,1,stratified,,247,41,0.16599
stratified,0.1,7,2,pooled,,247,24,0.09717
stratified,0.1,7,2,stratified,,247,58,0.23482
recalib,0.05,7,-1,,pre-drift,247,3,0.01215
recalib,0.05,7,-1,,post-drift-stale,247,247,1.0
recalib,0.05,7,-1,,post-drift-recalibrated,247,9,0.03644
recalib,0.1,7,-1,,pre-drift,247,12,0.04858
recalib,0.1,7,-1,,post-drift-stale,247,247,1.0
recalib,0.1,7,-1,,post-drift-recalibrated,247,14,0.05668
stratified,0.05,8,0,pooled,,247,23,0.09312
stratified,0.05,8,0,stratified,,247,11,0.04453
stratified,0.05,8,1,pooled,,247,3,0.01215
stratified,0.05,8,1,stratified,,247,30,0.12146
stratified,0.05,8,2,pooled,,247,15,0.06073
stratified,0.05,8,2,stratified,,247,13,0.05263
stratified,0.1,8,0,pooled,,247,35,0.1417
stratified,0.1,8,0,stratified,,247,27,0.10931
stratified,0.1,8,1,pooled,,247,4,0.01619
stratified,0.1,8,1,stratified,,247,45,0.18219
stratified,0.1,8,2,pooled,,247,32,0.12955
stratified,0.1,8,2,stratified,,247,15,0.06073
recalib,0.05,8,-1,,pre-drift,247,10,0.04049
recalib,0.05,8,-1,,post-drift-stale,247,247,1.0
recalib,0.05,8,-1,,post-drift-recalibrated,247,13,0.05263
recalib,0.1,8,-1,,pre-drift,247,21,0.08502
recalib,0.1,8,-1,,post-drift-stale,247,247,1.0
recalib,0.1,8,-1,,post-drift-recalibrated,247,25,0.10121
stratified,0.05,9,0,pooled,,247,22,0.08907
stratified,0.05,9,0,stratified,,247,21,0.08502
stratified,0.05,9,1,pooled,,247,2,0.0081
stratified,0.05,9,1,stratified,,247,20,0.08097
stratified,0.05,9,2,pooled,,247,8,0.03239
stratified,0.05,9,2,stratified,,247,5,0.02024
stratified,0.1,9,0,pooled,,247,33,0.1336
stratified,0.1,9,0,stratified,,247,29,0.11741
stratified,0.1,9,1,pooled,,247,2,0.0081
stratified,0.1,9,1,stratified,,247,32,0.12955
stratified,0.1,9,2,pooled,,247,26,0.10526
stratified,0.1,9,2,stratified,,247,10,0.04049
recalib,0.05,9,-1,,pre-drift,247,8,0.03239
recalib,0.05,9,-1,,post-drift-stale,247,247,1.0
recalib,0.05,9,-1,,post-drift-recalibrated,247,8,0.03239
recalib,0.1,9,-1,,pre-drift,247,17,0.06883
recalib,0.1,9,-1,,post-drift-stale,247,247,1.0
recalib,0.1,9,-1,,post-drift-recalibrated,247,18,0.07287
stratified,0.05,10,0,pooled,,247,24,0.09717
stratified,0.05,10,0,stratified,,247,13,0.05263
stratified,0.05,10,1,pooled,,247,0,0.0
stratified,0.05,10,1,stratified,,247,9,0.03644
stratified,0.05,10,2,pooled,,247,3,0.01215
stratified,0.05,10,2,stratified,,247,5,0.02024
stratified,0.1,10,0,pooled,,247,39,0.15789
stratified,0.1,10,0,stratified,,247,15,0.06073
stratified,0.1,10,1,pooled,,247,0,0.0
stratified,0.1,10,1,stratified,,247,17,0.06883
stratified,0.1,10,2,pooled,,247,9,0.03644
stratified,0.1,10,2,stratified,,247,14,0.05668
recalib,0.05,10,-1,,pre-drift,247,3,0.01215
recalib,0.05,10,-1,,post-drift-stale,247,247,1.0
recalib,0.05,10,-1,,post-drift-recalibrated,247,7,0.02834
recalib,0.1,10,-1,,pre-drift,247,15,0.06073
recalib,0.1,10,-1,,post-drift-stale,247,247,1.0
recalib,0.1,10,-1,,post-drift-recalibrated,247,13,0.05263
stratified,0.05,11,0,pooled,,247,7,0.02834
stratified,0.05,11,0,stratified,,247,6,0.02429
stratified,0.05,11,1,pooled,,247,0,0.0
stratified,0.05,11,1,stratified,,247,5,0.02024
stratified,0.05,11,2,pooled,,247,15,0.06073
stratified,0.05,11,2,stratified,,247,11,0.04453
stratified,0.1,11,0,pooled,,247,20,0.08097
stratified,0.1,11,0,stratified,,247,7,0.02834
stratified,0.1,11,1,pooled,,247,0,0.0
stratified,0.1,11,1,stratified,,247,14,0.05668
stratified,0.1,11,2,pooled,,247,28,0.11336
stratified,0.1,11,2,stratified,,247,22,0.08907
recalib,0.05,11,-1,,pre-drift,247,8,0.03239
recalib,0.05,11,-1,,post-drift-stale,247,247,1.0
recalib,0.05,11,-1,,post-drift-recalibrated,247,6,0.02429
recalib,0.1,11,-1,,pre-drift,247,12,0.04858
recalib,0.1,11,-1,,post-drift-stale,247,247,1.0
recalib,0.1,11,-1,,post-drift-recalibrated,247,26,0.10526
stratified,0.05,12,0,pooled,,247,15,0.06073
stratified,0.05,12,0,stratified,,247,6,0.02429
stratified,0.05,12,1,pooled,,247,1,0.00405
stratified,0.05,12,1,stratified,,247,28,0.11336
stratified,0.05,12,2,pooled,,247,12,0.04858
stratified,0.05,12,2,stratified,,247,12,0.04858
stratified,0.1,12,0,pooled,,247,31,0.12551
stratified,0.1,12,0,stratified,,247,15,0.06073
stratified,0.1,12,1,pooled,,247,4,0.01619
stratified,0.1,12,1,stratified,,247,38,0.15385
stratified,0.1,12,2,pooled,,247,20,0.08097
stratified,0.1,12,2,stratified,,247,17,0.06883
recalib,0.05,12,-1,,pre-drift,247,4,0.01619
recalib,0.05,12,-1,,post-drift-stale,247,247,1.0
recalib,0.05,12,-1,,post-drift-recalibrated,247,10,0.04049
recalib,0.1,12,-1,,pre-drift,247,16,0.06478
recalib,0.1,12,-1,,post-drift-stale,247,247,1.0
recalib,0.1,12,-1,,post-drift-recalibrated,247,27,0.10931
stratified,0.05,13,0,pooled,,247,10,0.04049
stratified,0.05,13,0,stratified,,247,10,0.04049
stratified,0.05,13,1,pooled,,247,1,0.00405
stratified,0.05,13,1,stratified,,247,4,0.01619
stratified,0.05,13,2,pooled,,247,10,0.04049
stratified,0.05,13,2,stratified,,247,7,0.02834
stratified,0.1,13,0,pooled,,247,28,0.11336
stratified,0.1,13,0,stratified,,247,32,0.12955
stratified,0.1,13,1,pooled,,247,3,0.01215
stratified,0.1,13,1,stratified,,247,10,0.04049
stratified,0.1,13,2,pooled,,247,34,0.13765
stratified,0.1,13,2,stratified,,247,10,0.04049
recalib,0.05,13,-1,,pre-drift,247,24,0.09717
recalib,0.05,13,-1,,post-drift-stale,247,247,1.0
recalib,0.05,13,-1,,post-drift-recalibrated,247,6,0.02429
recalib,0.1,13,-1,,pre-drift,247,35,0.1417
recalib,0.1,13,-1,,post-drift-stale,247,247,1.0
recalib,0.1,13,-1,,post-drift-recalibrated,247,18,0.07287
stratified,0.05,14,0,pooled,,247,6,0.02429
stratified,0.05,14,0,stratified,,247,5,0.02024
stratified,0.05,14,1,pooled,,247,1,0.00405
stratified,0.05,14,1,stratified,,247,21,0.08502
stratified,0.05,14,2,pooled,,247,8,0.03239
stratified,0.05,14,2,stratified,,247,4,0.01619
stratified,0.1,14,0,pooled,,247,27,0.10931
stratified,0.1,14,0,stratified,,247,15,0.06073
stratified,0.1,14,1,pooled,,247,3,0.01215
stratified,0.1,14,1,stratified,,247,50,0.20243
stratified,0.1,14,2,pooled,,247,25,0.10121
stratified,0.1,14,2,stratified,,247,8,0.03239
recalib,0.05,14,-1,,pre-drift,247,11,0.04453
recalib,0.05,14,-1,,post-drift-stale,247,247,1.0
recalib,0.05,14,-1,,post-drift-recalibrated,247,26,0.10526
recalib,0.1,14,-1,,pre-drift,247,30,0.12146
recalib,0.1,14,-1,,post-drift-stale,247,247,1.0
recalib,0.1,14,-1,,post-drift-recalibrated,247,37,0.1498
stratified,0.05,15,0,pooled,,247,21,0.08502
stratified,0.05,15,0,stratified,,247,10,0.04049
stratified,0.05,15,1,pooled,,247,0,0.0
stratified,0.05,15,1,stratified,,247,2,0.0081
stratified,0.05,15,2,pooled,,247,8,0.03239
stratified,0.05,15,2,stratified,,247,8,0.03239
stratified,0.1,15,0,pooled,,247,47,0.19028
stratified,0.1,15,0,stratified,,247,25,0.10121
stratified,0.1,15,1,pooled,,247,2,0.0081
stratified,0.1,15,1,stratified,,247,6,0.02429
stratified,0.1,15,2,pooled,,247,16,0.06478
stratified,0.1,15,2,stratified,,247,16,0.06478
recalib,0.05,15,-1,,pre-drift,247,16,0.06478
recalib,0.05,15,-1,,post-drift-stale,247,247,1.0
recalib,0.05,15,-1,,post-drift-recalibrated,247,7,0.02834
recalib,0.1,15,-1,,pre-drift,247,39,0.15789
recalib,0.1,15,-1,,post-drift-stale,247,247,1.0
recalib,0.1,15,-1,,post-drift-recalibrated,247,21,0.08502
stratified,0.05,16,0,pooled,,247,22,0.08907
stratified,0.05,16,0,stratified,,247,7,0.02834
stratified,0.05,16,1,pooled,,247,1,0.00405
stratified,0.05,16,1,stratified,,247,6,0.02429
stratified,0.05,16,2,pooled,,247,21,0.08502
stratified,0.05,16,2,stratified,,247,17,0.06883
stratified,0.1,16,0,pooled,,247,41,0.16599
stratified,0.1,16,0,stratified,,247,26,0.10526
stratified,0.1,16,1,pooled,,247,2,0.0081
stratified,0.1,16,1,stratified,,247,12,0.04858
stratified,0.1,16,2,pooled,,247,38,0.15385
stratified,0.1,16,2,stratified,,247,25,0.10121
recalib,0.05,16,-1,,pre-drift,247,13,0.05263
recalib,0.05,16,-1,,post-drift-stale,247,247,1.0
recalib,0.05,16,-1,,post-drift-recalibrated,247,11,0.04453
recalib,0.1,16,-1,,pre-drift,247,29,0.11741
recalib,0.1,16,-1,,post-drift-stale,247,247,1.0
recalib,0.1,16,-1,,post-drift-recalibrated,247,23,0.09312
stratified,0.05,17,0,pooled,,247,16,0.06478
stratified,0.05,17,0,stratified,,247,10,0.04049
stratified,0.05,17,1,pooled,,247,0,0.0
stratified,0.05,17,1,stratified,,247,6,0.02429
stratified,0.05,17,2,pooled,,247,15,0.06073
stratified,0.05,17,2,stratified,,247,13,0.05263
stratified,0.1,17,0,pooled,,247,27,0.10931
stratified,0.1,17,0,stratified,,247,24,0.09717
stratified,0.1,17,1,pooled,,247,0,0.0
stratified,0.1,17,1,stratified,,247,16,0.06478
stratified,0.1,17,2,pooled,,247,22,0.08907
stratified,0.1,17,2,stratified,,247,15,0.06073
recalib,0.05,17,-1,,pre-drift,247,24,0.09717
recalib,0.05,17,-1,,post-drift-stale,247,247,1.0
recalib,0.05,17,-1,,post-drift-recalibrated,247,37,0.1498
recalib,0.1,17,-1,,pre-drift,247,48,0.19433
recalib,0.1,17,-1,,post-drift-stale,247,247,1.0
recalib,0.1,17,-1,,post-drift-recalibrated,247,53,0.21457
stratified,0.05,18,0,pooled,,247,36,0.14575
stratified,0.05,18,0,stratified,,247,25,0.10121
stratified,0.05,18,1,pooled,,247,3,0.01215
stratified,0.05,18,1,stratified,,247,10,0.04049
stratified,0.05,18,2,pooled,,247,7,0.02834
stratified,0.05,18,2,stratified,,247,20,0.08097
stratified,0.1,18,0,pooled,,247,55,0.22267
stratified,0.1,18,0,stratified,,247,33,0.1336
stratified,0.1,18,1,pooled,,247,7,0.02834
stratified,0.1,18,1,stratified,,247,30,0.12146
stratified,0.1,18,2,pooled,,247,20,0.08097
stratified,0.1,18,2,stratified,,247,35,0.1417
recalib,0.05,18,-1,,pre-drift,247,20,0.08097
recalib,0.05,18,-1,,post-drift-stale,247,247,1.0
recalib,0.05,18,-1,,post-drift-recalibrated,247,9,0.03644
recalib,0.1,18,-1,,pre-drift,247,39,0.15789
recalib,0.1,18,-1,,post-drift-stale,247,247,1.0
recalib,0.1,18,-1,,post-drift-recalibrated,247,13,0.05263
stratified,0.05,19,0,pooled,,247,21,0.08502
stratified,0.05,19,0,stratified,,247,9,0.03644
stratified,0.05,19,1,pooled,,247,0,0.0
stratified,0.05,19,1,stratified,,247,18,0.07287
stratified,0.05,19,2,pooled,,247,16,0.06478
stratified,0.05,19,2,stratified,,247,11,0.04453
stratified,0.1,19,0,pooled,,247,29,0.11741
stratified,0.1,19,0,stratified,,247,23,0.09312
stratified,0.1,19,1,pooled,,247,0,0.0
stratified,0.1,19,1,stratified,,247,24,0.09717
stratified,0.1,19,2,pooled,,247,27,0.10931
stratified,0.1,19,2,stratified,,247,19,0.07692
recalib,0.05,19,-1,,pre-drift,247,9,0.03644
recalib,0.05,19,-1,,post-drift-stale,247,247,1.0
recalib,0.05,19,-1,,post-drift-recalibrated,247,9,0.03644
recalib,0.1,19,-1,,pre-drift,247,24,0.09717
recalib,0.1,19,-1,,post-drift-stale,247,247,1.0
recalib,0.1,19,-1,,post-drift-recalibrated,247,28,0.11336
stratified,0.05,20,0,pooled,,247,6,0.02429
stratified,0.05,20,0,stratified,,247,17,0.06883
stratified,0.05,20,1,pooled,,247,1,0.00405
stratified,0.05,20,1,stratified,,247,4,0.01619
stratified,0.05,20,2,pooled,,247,8,0.03239
stratified,0.05,20,2,stratified,,247,3,0.01215
stratified,0.1,20,0,pooled,,247,20,0.08097
stratified,0.1,20,0,stratified,,247,28,0.11336
stratified,0.1,20,1,pooled,,247,3,0.01215
stratified,0.1,20,1,stratified,,247,12,0.04858
stratified,0.1,20,2,pooled,,247,24,0.09717
stratified,0.1,20,2,stratified,,247,10,0.04049
recalib,0.05,20,-1,,pre-drift,247,17,0.06883
recalib,0.05,20,-1,,post-drift-stale,247,247,1.0
recalib,0.05,20,-1,,post-drift-recalibrated,247,3,0.01215
recalib,0.1,20,-1,,pre-drift,247,27,0.10931
recalib,0.1,20,-1,,post-drift-stale,247,247,1.0
recalib,0.1,20,-1,,post-drift-recalibrated,247,4,0.01619
stratified,0.05,21,0,pooled,,247,22,0.08907
stratified,0.05,21,0,stratified,,247,13,0.05263
stratified,0.05,21,1,pooled,,247,1,0.00405
stratified,0.05,21,1,stratified,,247,29,0.11741
stratified,0.05,21,2,pooled,,247,15,0.06073
stratified,0.05,21,2,stratified,,247,6,0.02429
stratified,0.1,21,0,pooled,,247,33,0.1336
stratified,0.1,21,0,stratified,,247,26,0.10526
stratified,0.1,21,1,pooled,,247,2,0.0081
stratified,0.1,21,1,stratified,,247,37,0.1498
stratified,0.1,21,2,pooled,,247,34,0.13765
stratified,0.1,21,2,stratified,,247,28,0.11336
recalib,0.05,21,-1,,pre-drift,247,21,0.08502
recalib,0.05,21,-1,,post-drift-stale,247,247,1.0
recalib,0.05,21,-1,,post-drift-recalibrated,247,6,0.02429
recalib,0.1,21,-1,,pre-drift,247,24,0.09717
recalib,0.1,21,-1,,post-drift-stale,247,247,1.0
recalib,0.1,21,-1,,post-drift-recalibrated,247,20,0.08097
stratified,0.05,22,0,pooled,,247,20,0.08097
stratified,0.05,22,0,stratified,,247,2,0.0081
stratified,0.05,22,1,pooled,,247,1,0.00405
stratified,0.05,22,1,stratified,,247,22,0.08907
stratified,0.05,22,2,pooled,,247,5,0.02024
stratified,0.05,22,2,stratified,,247,13,0.05263
stratified,0.1,22,0,pooled,,247,51,0.20648
stratified,0.1,22,0,stratified,,247,12,0.04858
stratified,0.1,22,1,pooled,,247,6,0.02429
stratified,0.1,22,1,stratified,,247,39,0.15789
stratified,0.1,22,2,pooled,,247,22,0.08907
stratified,0.1,22,2,stratified,,247,24,0.09717
recalib,0.05,22,-1,,pre-drift,247,7,0.02834
recalib,0.05,22,-1,,post-drift-stale,247,247,1.0
recalib,0.05,22,-1,,post-drift-recalibrated,247,13,0.05263
recalib,0.1,22,-1,,pre-drift,247,16,0.06478
recalib,0.1,22,-1,,post-drift-stale,247,247,1.0
recalib,0.1,22,-1,,post-drift-recalibrated,247,21,0.08502
stratified,0.05,23,0,pooled,,247,32,0.12955
stratified,0.05,23,0,stratified,,247,27,0.10931
stratified,0.05,23,1,pooled,,247,0,0.0
stratified,0.05,23,1,stratified,,247,15,0.06073
stratified,0.05,23,2,pooled,,247,8,0.03239
stratified,0.05,23,2,stratified,,247,19,0.07692
stratified,0.1,23,0,pooled,,247,50,0.20243
stratified,0.1,23,0,stratified,,247,32,0.12955
stratified,0.1,23,1,pooled,,247,0,0.0
stratified,0.1,23,1,stratified,,247,28,0.11336
stratified,0.1,23,2,pooled,,247,19,0.07692
stratified,0.1,23,2,stratified,,247,34,0.13765
recalib,0.05,23,-1,,pre-drift,247,11,0.04453
recalib,0.05,23,-1,,post-drift-stale,247,247,1.0
recalib,0.05,23,-1,,post-drift-recalibrated,247,7,0.02834
recalib,0.1,23,-1,,pre-drift,247,24,0.09717
recalib,0.1,23,-1,,post-drift-stale,247,247,1.0
recalib,0.1,23,-1,,post-drift-recalibrated,247,23,0.09312
stratified,0.05,24,0,pooled,,247,33,0.1336
stratified,0.05,24,0,stratified,,247,33,0.1336
stratified,0.05,24,1,pooled,,247,1,0.00405
stratified,0.05,24,1,stratified,,247,19,0.07692
stratified,0.05,24,2,pooled,,247,27,0.10931
stratified,0.05,24,2,stratified,,247,12,0.04858
stratified,0.1,24,0,pooled,,247,52,0.21053
stratified,0.1,24,0,stratified,,247,52,0.21053
stratified,0.1,24,1,pooled,,247,4,0.01619
stratified,0.1,24,1,stratified,,247,28,0.11336
stratified,0.1,24,2,pooled,,247,42,0.17004
stratified,0.1,24,2,stratified,,247,26,0.10526
recalib,0.05,24,-1,,pre-drift,247,7,0.02834
recalib,0.05,24,-1,,post-drift-stale,247,247,1.0
recalib,0.05,24,-1,,post-drift-recalibrated,247,10,0.04049
recalib,0.1,24,-1,,pre-drift,247,16,0.06478
recalib,0.1,24,-1,,post-drift-stale,247,247,1.0
recalib,0.1,24,-1,,post-drift-recalibrated,247,25,0.10121
stratified,0.05,25,0,pooled,,247,30,0.12146
stratified,0.05,25,0,stratified,,247,5,0.02024
stratified,0.05,25,1,pooled,,247,9,0.03644
stratified,0.05,25,1,stratified,,247,20,0.08097
stratified,0.05,25,2,pooled,,247,19,0.07692
stratified,0.05,25,2,stratified,,247,40,0.16194
stratified,0.1,25,0,pooled,,247,45,0.18219
stratified,0.1,25,0,stratified,,247,14,0.05668
stratified,0.1,25,1,pooled,,247,14,0.05668
stratified,0.1,25,1,stratified,,247,35,0.1417
stratified,0.1,25,2,pooled,,247,29,0.11741
stratified,0.1,25,2,stratified,,247,54,0.21862
recalib,0.05,25,-1,,pre-drift,247,17,0.06883
recalib,0.05,25,-1,,post-drift-stale,247,247,1.0
recalib,0.05,25,-1,,post-drift-recalibrated,247,4,0.01619
recalib,0.1,25,-1,,pre-drift,247,24,0.09717
recalib,0.1,25,-1,,post-drift-stale,247,247,1.0
recalib,0.1,25,-1,,post-drift-recalibrated,247,9,0.03644
stratified,0.05,26,0,pooled,,247,32,0.12955
stratified,0.05,26,0,stratified,,247,20,0.08097
stratified,0.05,26,1,pooled,,247,1,0.00405
stratified,0.05,26,1,stratified,,247,27,0.10931
stratified,0.05,26,2,pooled,,247,15,0.06073
stratified,0.05,26,2,stratified,,247,7,0.02834
stratified,0.1,26,0,pooled,,247,48,0.19433
stratified,0.1,26,0,stratified,,247,45,0.18219
stratified,0.1,26,1,pooled,,247,1,0.00405
stratified,0.1,26,1,stratified,,247,36,0.14575
stratified,0.1,26,2,pooled,,247,22,0.08907
stratified,0.1,26,2,stratified,,247,15,0.06073
recalib,0.05,26,-1,,pre-drift,247,20,0.08097
recalib,0.05,26,-1,,post-drift-stale,247,247,1.0
recalib,0.05,26,-1,,post-drift-recalibrated,247,0,0.0
recalib,0.1,26,-1,,pre-drift,247,29,0.11741
recalib,0.1,26,-1,,post-drift-stale,247,247,1.0
recalib,0.1,26,-1,,post-drift-recalibrated,247,4,0.01619
stratified,0.05,27,0,pooled,,247,26,0.10526
stratified,0.05,27,0,stratified,,247,8,0.03239
stratified,0.05,27,1,pooled,,247,0,0.0
stratified,0.05,27,1,stratified,,247,18,0.07287
stratified,0.05,27,2,pooled,,247,5,0.02024
stratified,0.05,27,2,stratified,,247,19,0.07692
stratified,0.1,27,0,pooled,,247,55,0.22267
stratified,0.1,27,0,stratified,,247,16,0.06478
stratified,0.1,27,1,pooled,,247,6,0.02429
stratified,0.1,27,1,stratified,,247,30,0.12146
stratified,0.1,27,2,pooled,,247,15,0.06073
stratified,0.1,27,2,stratified,,247,27,0.10931
recalib,0.05,27,-1,,pre-drift,247,28,0.11336
recalib,0.05,27,-1,,post-drift-stale,247,247,1.0
recalib,0.05,27,-1,,post-drift-recalibrated,247,8,0.03239
recalib,0.1,27,-1,,pre-drift,247,42,0.17004
recalib,0.1,27,-1,,post-drift-stale,247,247,1.0
recalib,0.1,27,-1,,post-drift-recalibrated,247,18,0.07287
stratified,0.05,28,0,pooled,,247,10,0.04049
stratified,0.05,28,0,stratified,,247,5,0.02024
stratified,0.05,28,1,pooled,,247,0,0.0
stratified,0.05,28,1,stratified,,247,5,0.02024
stratified,0.05,28,2,pooled,,247,32,0.12955
stratified,0.05,28,2,stratified,,247,24,0.09717
stratified,0.1,28,0,pooled,,247,17,0.06883
stratified,0.1,28,0,stratified,,247,16,0.06478
stratified,0.1,28,1,pooled,,247,1,0.00405
stratified,0.1,28,1,stratified,,247,17,0.06883
stratified,0.1,28,2,pooled,,247,57,0.23077
stratified,0.1,28,2,stratified,,247,43,0.17409
recalib,0.05,28,-1,,pre-drift,247,18,0.07287
recalib,0.05,28,-1,,post-drift-stale,247,247,1.0
recalib,0.05,28,-1,,post-drift-recalibrated,247,25,0.10121
recalib,0.1,28,-1,,pre-drift,247,21,0.08502
recalib,0.1,28,-1,,post-drift-stale,247,247,1.0
recalib,0.1,28,-1,,post-drift-recalibrated,247,42,0.17004
stratified,0.05,29,0,pooled,,247,7,0.02834
stratified,0.05,29,0,stratified,,247,14,0.05668
stratified,0.05,29,1,pooled,,247,1,0.00405
stratified,0.05,29,1,stratified,,247,4,0.01619
stratified,0.05,29,2,pooled,,247,6,0.02429
stratified,0.05,29,2,stratified,,247,1,0.00405
stratified,0.1,29,0,pooled,,247,16,0.06478
stratified,0.1,29,0,stratified,,247,30,0.12146
stratified,0.1,29,1,pooled,,247,2,0.0081
stratified,0.1,29,1,stratified,,247,25,0.10121
stratified,0.1,29,2,pooled,,247,15,0.06073
stratified,0.1,29,2,stratified,,247,4,0.01619
recalib,0.05,29,-1,,pre-drift,247,20,0.08097
recalib,0.05,29,-1,,post-drift-stale,247,247,1.0
recalib,0.05,29,-1,,post-drift-recalibrated,247,9,0.03644
recalib,0.1,29,-1,,pre-drift,247,34,0.13765
recalib,0.1,29,-1,,post-drift-stale,247,247,1.0
recalib,0.1,29,-1,,post-drift-recalibrated,247,15,0.06073
stratified,0.05,30,0,pooled,,247,13,0.05263
stratified,0.05,30,0,stratified,,247,4,0.01619
stratified,0.05,30,1,pooled,,247,0,0.0
stratified,0.05,30,1,stratified,,247,23,0.09312
stratified,0.05,30,2,pooled,,247,14,0.05668
stratified,0.05,30,2,stratified,,247,14,0.05668
stratified,0.1,30,0,pooled,,247,35,0.1417
stratified,0.1,30,0,stratified,,247,13,0.05263
stratified,0.1,30,1,pooled,,247,5,0.02024
stratified,0.1,30,1,stratified,,247,27,0.10931
stratified,0.1,30,2,pooled,,247,36,0.14575
stratified,0.1,30,2,stratified,,247,37,0.1498
recalib,0.05,30,-1,,pre-drift,247,24,0.09717
recalib,0.05,30,-1,,post-drift-stale,247,247,1.0
recalib,0.05,30,-1,,post-drift-recalibrated,247,11,0.04453
recalib,0.1,30,-1,,pre-drift,247,36,0.14575
recalib,0.1,30,-1,,post-drift-stale,247,247,1.0
recalib,0.1,30,-1,,post-drift-recalibrated,247,26,0.10526
stratified,0.05,31,0,pooled,,247,15,0.06073
stratified,0.05,31,0,stratified,,247,11,0.04453
stratified,0.05,31,1,pooled,,247,3,0.01215
stratified,0.05,31,1,stratified,,247,7,0.02834
stratified,0.05,31,2,pooled,,247,19,0.07692
stratified,0.05,31,2,stratified,,247,9,0.03644
stratified,0.1,31,0,pooled,,247,28,0.11336
stratified,0.1,31,0,stratified,,247,16,0.06478
stratified,0.1,31,1,pooled,,247,5,0.02024
stratified,0.1,31,1,stratified,,247,24,0.09717
stratified,0.1,31,2,pooled,,247,32,0.12955
stratified,0.1,31,2,stratified,,247,27,0.10931
recalib,0.05,31,-1,,pre-drift,247,26,0.10526
recalib,0.05,31,-1,,post-drift-stale,247,247,1.0
recalib,0.05,31,-1,,post-drift-recalibrated,247,13,0.05263
recalib,0.1,31,-1,,pre-drift,247,41,0.16599
recalib,0.1,31,-1,,post-drift-stale,247,247,1.0
recalib,0.1,31,-1,,post-drift-recalibrated,247,23,0.09312
stratified,0.05,32,0,pooled,,247,26,0.10526
stratified,0.05,32,0,stratified,,247,3,0.01215
stratified,0.05,32,1,pooled,,247,0,0.0
stratified,0.05,32,1,stratified,,247,14,0.05668
stratified,0.05,32,2,pooled,,247,12,0.04858
stratified,0.05,32,2,stratified,,247,12,0.04858
stratified,0.1,32,0,pooled,,247,48,0.19433
stratified,0.1,32,0,stratified,,247,16,0.06478
stratified,0.1,32,1,pooled,,247,0,0.0
stratified,0.1,32,1,stratified,,247,35,0.1417
stratified,0.1,32,2,pooled,,247,24,0.09717
stratified,0.1,32,2,stratified,,247,24,0.09717
recalib,0.05,32,-1,,pre-drift,247,6,0.02429
recalib,0.05,32,-1,,post-drift-stale,247,247,1.0
recalib,0.05,32,-1,,post-drift-recalibrated,247,22,0.08907
recalib,0.1,32,-1,,pre-drift,247,25,0.10121
recalib,0.1,32,-1,,post-drift-stale,247,247,1.0
recalib,0.1,32,-1,,post-drift-recalibrated,247,32,0.12955
stratified,0.05,33,0,pooled,,247,26,0.10526
stratified,0.05,33,0,stratified,,247,11,0.04453
stratified,0.05,33,1,pooled,,247,2,0.0081
stratified,0.05,33,1,stratified,,247,17,0.06883
stratified,0.05,33,2,pooled,,247,11,0.04453
stratified,0.05,33,2,stratified,,247,6,0.02429
stratified,0.1,33,0,pooled,,247,47,0.19028
stratified,0.1,33,0,stratified,,247,29,0.11741
stratified,0.1,33,1,pooled,,247,5,0.02024
stratified,0.1,33,1,stratified,,247,22,0.08907
stratified,0.1,33,2,pooled,,247,27,0.10931
stratified,0.1,33,2,stratified,,247,21,0.08502
recalib,0.05,33,-1,,pre-drift,247,1,0.00405
recalib,0.05,33,-1,,post-drift-stale,247,247,1.0
recalib,0.05,33,-1,,post-drift-recalibrated,247,10,0.04049
recalib,0.1,33,-1,,pre-drift,247,6,0.02429
recalib,0.1,33,-1,,post-drift-stale,247,247,1.0
recalib,0.1,33,-1,,post-drift-recalibrated,247,22,0.08907
stratified,0.05,34,0,pooled,,247,18,0.07287
stratified,0.05,34,0,stratified,,247,4,0.01619
stratified,0.05,34,1,pooled,,247,0,0.0
stratified,0.05,34,1,stratified,,247,16,0.06478
stratified,0.05,34,2,pooled,,247,18,0.07287
stratified,0.05,34,2,stratified,,247,21,0.08502
stratified,0.1,34,0,pooled,,247,46,0.18623
stratified,0.1,34,0,stratified,,247,14,0.05668
stratified,0.1,34,1,pooled,,247,1,0.00405
stratified,0.1,34,1,stratified,,247,28,0.11336
stratified,0.1,34,2,pooled,,247,37,0.1498
stratified,0.1,34,2,stratified,,247,44,0.17814
recalib,0.05,34,-1,,pre-drift,247,6,0.02429
recalib,0.05,34,-1,,post-drift-stale,247,247,1.0
recalib,0.05,34,-1,,post-drift-recalibrated,247,6,0.02429
recalib,0.1,34,-1,,pre-drift,247,14,0.05668
recalib,0.1,34,-1,,post-drift-stale,247,247,1.0
recalib,0.1,34,-1,,post-drift-recalibrated,247,12,0.04858
stratified,0.05,35,0,pooled,,247,44,0.17814
stratified,0.05,35,0,stratified,,247,9,0.03644
stratified,0.05,35,1,pooled,,247,3,0.01215
stratified,0.05,35,1,stratified,,247,11,0.04453
stratified,0.05,35,2,pooled,,247,15,0.06073
stratified,0.05,35,2,stratified,,247,15,0.06073
stratified,0.1,35,0,pooled,,247,67,0.27126
stratified,0.1,35,0,stratified,,247,40,0.16194
stratified,0.1,35,1,pooled,,247,7,0.02834
stratified,0.1,35,1,stratified,,247,18,0.07287
stratified,0.1,35,2,pooled,,247,32,0.12955
stratified,0.1,35,2,stratified,,247,26,0.10526
recalib,0.05,35,-1,,pre-drift,247,15,0.06073
recalib,0.05,35,-1,,post-drift-stale,247,247,1.0
recalib,0.05,35,-1,,post-drift-recalibrated,247,16,0.06478
recalib,0.1,35,-1,,pre-drift,247,20,0.08097
recalib,0.1,35,-1,,post-drift-stale,247,247,1.0
recalib,0.1,35,-1,,post-drift-recalibrated,247,28,0.11336
stratified,0.05,36,0,pooled,,247,7,0.02834
stratified,0.05,36,0,stratified,,247,2,0.0081
stratified,0.05,36,1,pooled,,247,0,0.0
stratified,0.05,36,1,stratified,,247,9,0.03644
stratified,0.05,36,2,pooled,,247,11,0.04453
stratified,0.05,36,2,stratified,,247,9,0.03644
stratified,0.1,36,0,pooled,,247,19,0.07692
stratified,0.1,36,0,stratified,,247,8,0.03239
stratified,0.1,36,1,pooled,,247,0,0.0
stratified,0.1,36,1,stratified,,247,25,0.10121
stratified,0.1,36,2,pooled,,247,39,0.15789
stratified,0.1,36,2,stratified,,247,22,0.08907
recalib,0.05,36,-1,,pre-drift,247,8,0.03239
recalib,0.05,36,-1,,post-drift-stale,247,247,1.0
recalib,0.05,36,-1,,post-drift-recalibrated,247,19,0.07692
recalib,0.1,36,-1,,pre-drift,247,48,0.19433
recalib,0.1,36,-1,,post-drift-stale,247,247,1.0
recalib,0.1,36,-1,,post-drift-recalibrated,247,28,0.11336
stratified,0.05,37,0,pooled,,247,13,0.05263
stratified,0.05,37,0,stratified,,247,9,0.03644
stratified,0.05,37,1,pooled,,247,0,0.0
stratified,0.05,37,1,stratified,,247,8,0.03239
stratified,0.05,37,2,pooled,,247,34,0.13765
stratified,0.05,37,2,stratified,,247,22,0.08907
stratified,0.1,37,0,pooled,,247,30,0.12146
stratified,0.1,37,0,stratified,,247,22,0.08907
stratified,0.1,37,1,pooled,,247,2,0.0081
stratified,0.1,37,1,stratified,,247,18,0.07287
stratified,0.1,37,2,pooled,,247,48,0.19433
stratified,0.1,37,2,stratified,,247,38,0.15385
recalib,0.05,37,-1,,pre-drift,247,13,0.05263
recalib,0.05,37,-1,,post-drift-stale,247,247,1.0
recalib,0.05,37,-1,,post-drift-recalibrated,247,14,0.05668
recalib,0.1,37,-1,,pre-drift,247,29,0.11741
recalib,0.1,37,-1,,post-drift-stale,247,247,1.0
recalib,0.1,37,-1,,post-drift-recalibrated,247,26,0.10526
stratified,0.05,38,0,pooled,,247,22,0.08907
stratified,0.05,38,0,stratified,,247,10,0.04049
stratified,0.05,38,1,pooled,,247,6,0.02429
stratified,0.05,38,1,stratified,,247,12,0.04858
stratified,0.05,38,2,pooled,,247,25,0.10121
stratified,0.05,38,2,stratified,,247,18,0.07287
stratified,0.1,38,0,pooled,,247,30,0.12146
stratified,0.1,38,0,stratified,,247,22,0.08907
stratified,0.1,38,1,pooled,,247,9,0.03644
stratified,0.1,38,1,stratified,,247,23,0.09312
stratified,0.1,38,2,pooled,,247,36,0.14575
stratified,0.1,38,2,stratified,,247,32,0.12955
recalib,0.05,38,-1,,pre-drift,247,24,0.09717
recalib,0.05,38,-1,,post-drift-stale,247,247,1.0
recalib,0.05,38,-1,,post-drift-recalibrated,247,7,0.02834
recalib,0.1,38,-1,,pre-drift,247,41,0.16599
recalib,0.1,38,-1,,post-drift-stale,247,247,1.0
recalib,0.1,38,-1,,post-drift-recalibrated,247,22,0.08907
stratified,0.05,39,0,pooled,,247,2,0.0081
stratified,0.05,39,0,stratified,,247,12,0.04858
stratified,0.05,39,1,pooled,,247,0,0.0
stratified,0.05,39,1,stratified,,247,10,0.04049
stratified,0.05,39,2,pooled,,247,16,0.06478
stratified,0.05,39,2,stratified,,247,8,0.03239
stratified,0.1,39,0,pooled,,247,12,0.04858
stratified,0.1,39,0,stratified,,247,30,0.12146
stratified,0.1,39,1,pooled,,247,1,0.00405
stratified,0.1,39,1,stratified,,247,21,0.08502
stratified,0.1,39,2,pooled,,247,41,0.16599
stratified,0.1,39,2,stratified,,247,10,0.04049
recalib,0.05,39,-1,,pre-drift,247,6,0.02429
recalib,0.05,39,-1,,post-drift-stale,247,247,1.0
recalib,0.05,39,-1,,post-drift-recalibrated,247,21,0.08502
recalib,0.1,39,-1,,pre-drift,247,12,0.04858
recalib,0.1,39,-1,,post-drift-stale,247,247,1.0
recalib,0.1,39,-1,,post-drift-recalibrated,247,29,0.11741
