alpha,rep,mode,n_test,n_flagged,far
0.05,0,0,247,23,0.09312
0.05,0,1,247,1,0.00405
0.05,0,2,247,12,0.04858
0.1,0,0,247,34,0.13765
0.1,0,1,247,2,0.0081
0.1,0,2,247,32,0.12955
0.05,1,0,247,16,0.06478
0.05,1,1,247,3,0.01215
0.05,1,2,247,8,0.03239
0.1,1,0,247,32,0.12955
0.1,1,1,247,8,0.03239
0.1,1,2,247,19,0.07692
0.05,2,0,247,11,0.04453
0.05,2,1,247,0,0.0
0.05,2,2,247,17,0.06883
0.1,2,0,247,23,0.09312
0.1,2,1,247,3,0.01215
0.1,2,2,247,38,0.15385
0.05,3,0,247,16,0.06478
0.05,3,1,247,0,0.0
0.05,3,2,247,8,0.03239
0.1,3,0,247,33,0.1336
0.1,3,1,247,0,0.0
0.1,3,2,247,21,0.08502
0.05,4,0,247,6,0.02429
0.05,4,1,247,0,0.0
0.05,4,2,247,0,0.0
0.1,4,0,247,17,0.06883
0.1,4,1,247,0,0.0
0.1,4,2,247,3,0.01215
0.05,5,0,247,13,0.05263
0.05,5,1,247,3,0.01215
0.05,5,2,247,18,0.07287
0.1,5,0,247,31,0.12551
0.1,5,1,247,5,0.02024
0.1,5,2,247,29,0.11741
0.05,6,0,247,18,0.07287
0.05,6,1,247,1,0.00405
0.05,6,2,247,11,0.04453
0.1,6,0,247,38,0.15385
0.1,6,1,247,2,0.0081
0.1,6,2,247,21,0.08502
0.05,7,0,247,7,0.02834
0.05,7,1,247,0,0.0
0.05,7,2,247,6,0.02429
0.1,7,0,247,28,0.11336
0.1,7,1,247,5,0.02024
0.1,7,2,247,24,0.09717
0.05,8,0,247,23,0.09312
0.05,8,1,247,3,0.01215
0.05,8,2,247,15,0.06073
0.1,8,0,247,35,0.1417
0.1,8,1,247,4,0.01619
0.1,8,2,247,32,0.12955
0.05,9,0,247,22,0.08907
0.05,9,1,247,2,0.0081
0.05,9,2,247,8,0.03239
0.1,9,0,247,33,0.1336
0.1,9,1,247,2,0.0081
0.1,9,2,247,26,0.10526
0.05,10,0,247,24,0.09717
0.05,10,1,247,0,0.0
0.05,10,2,247,3,0.01215
0.1,10,0,247,39,0.15789
0.1,10,1,247,0,0.0
0.1,10,2,247,9,0.03644
0.05,11,0,247,7,0.02834
0.05,11,1,247,0,0.0
0.05,11,2,247,15,0.06073
0.1,11,0,247,20,0.08097
0.1,11,1,247,0,0.0
0.1,11,2,247,28,0.11336
0.05,12,0,247,15,0.06073
0.05,12,1,247,1,0.00405
0.05,12,2,247,12,0.04858
0.1,12,0,247,31,0.12551
0.1,12,1,247,4,0.01619
0.1,12,2,247,20,0.08097
0.05,13,0,247,10,0.04049
0.05,13,1,247,1,0.00405
0.05,13,2,247,10,0.04049
0.1,13,0,247,28,0.11336
0.1,13,1,247,3,0.01215
0.1,13,2,247,34,0.13765
0.05,14,0,247,6,0.02429
0.05,14,1,247,1,0.00405
0.05,14,2,247,8,0.03239
0.1,14,0,247,27,0.10931
0.1,14,1,247,3,0.01215
0.1,14,2,247,25,0.10121
0.05,15,0,247,21,0.08502
0.05,15,1,247,0,0.0
0.05,15,2,247,8,0.03239
0.1,15,0,247,47,0.19028
0.1,15,1,247,2,0.0081
0.1,15,2,247,16,0.06478
0.05,16,0,247,22,0.08907
0.05,16,1,247,1,0.00405
0.05,16,2,247,21,0.08502
0.1,16,0,247,41,0.16599
0.1,16,1,247,2,0.0081
0.1,16,2,247,38,0.15385
0.05,17,0,247,16,0.06478
0.05,17,1,247,0,0.0
0.05,17,2,247,15,0.06073
0.1,17,0,247,27,0.10931
0.1,17,1,247,0,0.0
0.1,17,2,247,22,0.08907
0.05,18,0,247,36,0.14575
0.05,18,1,247,3,0.01215
0.05,18,2,247,7,0.02834
0.1,18,0,247,55,0.22267
0.1,18,1,247,7,0.02834
0.1,18,2,247,20,0.08097
0.05,19,0,247,21,0.08502
0.05,19,1,247,0,0.0
0.05,19,2,247,16,0.06478
0.1,19,0,247,29,0.11741
0.1,19,1,247,0,0.0
0.1,19,2,247,27,0.10931
0.05,20,0,247,6,0.02429
0.05,20,1,247,1,0.00405
0.05,20,2,247,8,0.03239
0.1,20,0,247,20,0.08097
0.1,20,1,247,3,0.01215
0.1,20,2,247,24,0.09717
0.05,21,0,247,22,0.08907
0.05,21,1,247,1,0.00405
0.05,21,2,247,15,0.06073
0.1,21,0,247,33,0.1336
0.1,21,1,247,2,0.0081
0.1,21,2,247,34,0.13765
0.05,22,0,247,20,0.08097
0.05,22,1,247,1,0.00405
0.05,22,2,247,5,0.02024
0.1,22,0,247,51,0.20648
0.1,22,1,247,6,0.02429
0.1,22,2,247,22,0.08907
0.05,23,0,247,32,0.12955
0.05,23,1,247,0,0.0
0.05,23,2,247,8,0.03239
0.1,23,0,247,50,0.20243
0.1,23,1,247,0,0.0
0.1,23,2,247,19,0.07692
0.05,24,0,247,33,0.1336
0.05,24,1,247,1,0.00405
0.05,24,2,247,27,0.10931
0.1,24,0,247,52,0.21053
0.1,24,1,247,4,0.01619
0.1,24,2,247,42,0.17004
0.05,25,0,247,30,0.12146
0.05,25,1,247,9,0.03644
0.05,25,2,247,19,0.07692
0.1,25,0,247,45,0.18219
0.1,25,1,247,14,0.05668
0.1,25,2,247,29,0.11741
0.05,26,0,247,32,0.12955
0.05,26,1,247,1,0.00405
0.05,26,2,247,15,0.06073
0.1,26,0,247,48,0.19433
0.1,26,1,247,1,0.00405
0.1,26,2,247,22,0.08907
0.05,27,0,247,26,0.10526
0.05,27,1,247,0,0.0
0.05,27,2,247,5,0.02024
0.1,27,0,247,55,0.22267
0.1,27,1,247,6,0.02429
0.1,27,2,247,15,0.06073
0.05,28,0,247,10,0.04049
0.05,28,1,247,0,0.0
0.05,28,2,247,32,0.12955
0.1,28,0,247,17,0.06883
0.1,28,1,247,1,0.00405
0.1,28,2,247,57,0.23077
0.05,29,0,247,7,0.02834
0.05,29,1,247,1,0.00405
0.05,29,2,247,6,0.02429
0.1,29,0,247,16,0.06478
0.1,29,1,247,2,0.0081
0.1,29,2,247,15,0.06073
0.05,30,0,247,13,0.05263
0.05,30,1,247,0,0.0
0.05,30,2,247,14,0.05668
0.1,30,0,247,35,0.1417
0.1,30,1,247,5,0.02024
0.1,30,2,247,36,0.14575
0.05,31,0,247,15,0.06073
0.05,31,1,247,3,0.01215
0.05,31,2,247,19,0.07692
0.1,31,0,247,28,0.11336
0.1,31,1,247,5,0.02024
0.1,31,2,247,32,0.12955
0.05,32,0,247,26,0.10526
0.05,32,1,247,0,0.0
0.05,32,2,247,12,0.04858
0.1,32,0,247,48,0.19433
0.1,32,1,247,0,0.0
0.1,32,2,247,24,0.09717
0.05,33,0,247,26,0.10526
0.05,33,1,247,2,0.0081
0.05,33,2,247,11,0.04453
0.1,33,0,247,47,0.19028
0.1,33,1,247,5,0.02024
0.1,33,2,247,27,0.10931
0.05,34,0,247,18,0.07287
0.05,34,1,247,0,0.0
0.05,34,2,247,18,0.07287
0.1,34,0,247,46,0.18623
0.1,34,1,247,1,0.00405
0.1,34,2,247,37,0.1498
0.05,35,0,247,44,0.17814
0.05,35,1,247,3,0.01215
0.05,35,2,247,15,0.06073
0.1,35,0,247,67,0.27126
0.1,35,1,247,7,0.02834
0.1,35,2,247,32,0.12955
0.05,36,0,247,7,0.02834
0.05,36,1,247,0,0.0
0.05,36,2,247,11,0.04453
0.1,36,0,247,19,0.07692
0.1,36,1,247,0,0.0
0.1,36,2,247,39,0.15789
0.05,37,0,247,13,0.05263
0.05,37,1,247,0,0.0
0.05,37,2,247,34,0.13765
0.1,37,0,247,30,0.12146
0.1,37,1,247,2,0.0081
0.1,37,2,247,48,0.19433
0.05,38,0,247,22,0.08907
0.05,38,1,247,6,0.02429
0.05,38,2,247,25,0.10121
0.1,38,0,247,30,0.12146
0.1,38,1,247,9,0.03644
0.1,38,2,247,36,0.14575
0.05,39,0,247,2,0.0081
0.05,39,1,247,0,0.0
0.05,39,2,247,16,0.06478
0.1,39,0,247,12,0.04858
0.1,39,1,247,1,0.00405
0.1,39,2,247,41,0.16599
