seed,method,alpha,n_train,n_calib,n_test_normal,n_test_fault,threshold,precision,recall,f1,far,roc_auc,pr_auc,fit_time_sec
0,IsolationForest+conformal,0.01,355,236,237,10279,0.99617,0.9997,0.719,0.8365,0.0084,0.9953,0.9999,3.61
0,IsolationForest+conformal,0.05,355,236,237,10279,0.95632,0.9985,0.9997,0.9991,0.0633,0.9953,0.9999,3.61
0,IsolationForest+conformal,0.1,355,236,237,10279,0.91394,0.9968,1.0,0.9984,0.1392,0.9953,0.9999,3.61
1,IsolationForest+conformal,0.01,355,236,237,10279,0.99233,0.9999,0.8528,0.9205,0.0042,0.9976,0.9999,3.37
1,IsolationForest+conformal,0.05,355,236,237,10279,0.95814,0.9988,0.9995,0.9992,0.0506,0.9976,0.9999,3.37
1,IsolationForest+conformal,0.1,355,236,237,10279,0.92322,0.9979,1.0,0.9989,0.0928,0.9976,0.9999,3.37
2,IsolationForest+conformal,0.01,355,236,237,10279,0.99507,0.9999,0.7536,0.8594,0.0042,0.9956,0.9999,3.33
2,IsolationForest+conformal,0.05,355,236,237,10279,0.9448,0.9985,0.9997,0.9991,0.0633,0.9956,0.9999,3.33
2,IsolationForest+conformal,0.1,355,236,237,10279,0.89797,0.9965,1.0,0.9983,0.1519,0.9956,0.9999,3.33
3,IsolationForest+conformal,0.01,355,236,237,10279,0.99325,0.9998,0.8739,0.9326,0.0084,0.9981,1.0,3.34
3,IsolationForest+conformal,0.05,355,236,237,10279,0.96656,0.9987,0.9997,0.9992,0.0549,0.9981,1.0,3.34
3,IsolationForest+conformal,0.1,355,236,237,10279,0.9352,0.9977,1.0,0.9988,0.1013,0.9981,1.0,3.34
4,IsolationForest+conformal,0.01,355,236,237,10279,0.99381,0.9999,0.776,0.8738,0.0042,0.9949,0.9999,3.38
4,IsolationForest+conformal,0.05,355,236,237,10279,0.94965,0.9984,0.9996,0.999,0.0675,0.9949,0.9999,3.38
4,IsolationForest+conformal,0.1,355,236,237,10279,0.92314,0.9971,0.9998,0.9984,0.1266,0.9949,0.9999,3.38
5,IsolationForest+conformal,0.01,355,236,237,10279,0.99265,0.9998,0.8249,0.9039,0.0084,0.9962,0.9999,3.35
5,IsolationForest+conformal,0.05,355,236,237,10279,0.95661,0.9984,0.9996,0.999,0.0675,0.9962,0.9999,3.35
5,IsolationForest+conformal,0.1,355,236,237,10279,0.92984,0.9971,0.9999,0.9985,0.1266,0.9962,0.9999,3.35
6,IsolationForest+conformal,0.01,355,236,237,10279,0.99114,0.9998,0.875,0.9332,0.0084,0.997,0.9999,3.37
6,IsolationForest+conformal,0.05,355,236,237,10279,0.96024,0.9986,0.9996,0.9991,0.0591,0.997,0.9999,3.37
6,IsolationForest+conformal,0.1,355,236,237,10279,0.92264,0.9969,1.0,0.9984,0.135,0.997,0.9999,3.37
7,IsolationForest+conformal,0.01,355,236,237,10279,0.99493,0.9997,0.7477,0.8556,0.0084,0.9941,0.9998,3.37
7,IsolationForest+conformal,0.05,355,236,237,10279,0.96284,0.9986,0.9995,0.9991,0.0591,0.9941,0.9998,3.37
7,IsolationForest+conformal,0.1,355,236,237,10279,0.91358,0.9965,1.0,0.9983,0.1519,0.9941,0.9998,3.37
8,IsolationForest+conformal,0.01,355,236,237,10279,0.99499,0.9999,0.7786,0.8755,0.0042,0.9964,0.9999,3.36
8,IsolationForest+conformal,0.05,355,236,237,10279,0.95094,0.9984,0.9997,0.9991,0.0675,0.9964,0.9999,3.36
8,IsolationForest+conformal,0.1,355,236,237,10279,0.91407,0.997,1.0,0.9985,0.1308,0.9964,0.9999,3.36
9,IsolationForest+conformal,0.01,355,236,237,10279,0.99546,0.9999,0.7645,0.8665,0.0042,0.9961,0.9999,3.37
9,IsolationForest+conformal,0.05,355,236,237,10279,0.95691,0.9985,0.9996,0.9991,0.0633,0.9961,0.9999,3.37
9,IsolationForest+conformal,0.1,355,236,237,10279,0.92069,0.9966,1.0,0.9983,0.1477,0.9961,0.9999,3.37
