seed,ratio,config,pr_auc,roc_auc,mcc,lead_time_cycles,far,weights
0,2,R_NN only,0.9474,0.9878,0.8364,11.0,0.0265,"0.00,0.00,1.00"
0,2,Calibrated (SLSQP),0.9474,0.9878,0.8364,11.0,0.0265,"0.00,0.00,1.00"
0,5,R_NN only,0.9487,0.988,0.8156,11.5,0.0526,"0.00,0.00,1.00"
0,5,Calibrated (SLSQP),0.9487,0.988,0.8156,11.5,0.0526,"0.00,0.00,1.00"
0,10,R_NN only,0.9497,0.9884,0.7817,19.0,0.0809,"0.00,0.00,1.00"
0,10,Calibrated (SLSQP),0.9497,0.9884,0.7817,19.0,0.0809,"0.00,0.00,1.00"
0,20,R_NN only,0.9487,0.9881,0.7514,24.0,0.1024,"0.00,0.00,1.00"
0,20,Calibrated (SLSQP),0.9489,0.9881,0.7514,24.0,0.1024,"0.00,0.01,0.99"
1,2,R_NN only,0.952,0.9907,0.8287,12.0,0.0498,"0.00,0.00,1.00"
1,2,Calibrated (SLSQP),0.952,0.9907,0.8287,12.0,0.0498,"0.00,0.00,1.00"
1,5,R_NN only,0.9505,0.9907,0.7797,14.5,0.0824,"0.00,0.00,1.00"
1,5,Calibrated (SLSQP),0.9505,0.9907,0.7797,14.5,0.0824,"0.00,0.00,1.00"
1,10,R_NN only,0.9477,0.9901,0.7524,16.5,0.0985,"0.00,0.00,1.00"
1,10,Calibrated (SLSQP),0.9477,0.9901,0.7524,16.5,0.0985,"0.00,0.00,1.00"
1,20,R_NN only,0.9506,0.9906,0.713,25.0,0.1234,"0.00,0.00,1.00"
1,20,Calibrated (SLSQP),0.9506,0.9906,0.713,25.0,0.1234,"0.00,0.00,1.00"
2,2,R_NN only,0.9492,0.9889,0.7786,18.0,0.0689,"0.00,0.00,1.00"
2,2,Calibrated (SLSQP),0.9493,0.9889,0.778,18.0,0.0692,"0.00,0.01,0.99"
2,5,R_NN only,0.9544,0.99,0.7529,16.0,0.093,"0.00,0.00,1.00"
2,5,Calibrated (SLSQP),0.9548,0.9901,0.7493,16.0,0.0949,"0.00,0.05,0.95"
2,10,R_NN only,0.9536,0.9897,0.7141,20.0,0.1187,"0.00,0.00,1.00"
2,10,Calibrated (SLSQP),0.9541,0.9898,0.7142,20.0,0.1193,"0.00,0.07,0.93"
2,20,R_NN only,0.9551,0.9902,0.698,24.0,0.1301,"0.00,0.00,1.00"
2,20,Calibrated (SLSQP),0.9556,0.9904,0.6932,26.5,0.1331,"0.00,0.11,0.89"
3,2,R_NN only,0.9649,0.9924,0.8311,12.0,0.0553,"0.00,0.00,1.00"
3,2,Calibrated (SLSQP),0.9649,0.9924,0.8311,12.0,0.0553,"0.00,0.00,1.00"
3,5,R_NN only,0.9661,0.9926,0.7821,16.0,0.0871,"0.00,0.00,1.00"
3,5,Calibrated (SLSQP),0.9661,0.9926,0.7821,16.0,0.0871,"0.00,0.00,1.00"
3,10,R_NN only,0.9662,0.9927,0.7561,17.5,0.1027,"0.00,0.00,1.00"
3,10,Calibrated (SLSQP),0.966,0.9927,0.7561,17.5,0.1027,"0.02,0.00,0.98"
3,20,R_NN only,0.9664,0.9926,0.7364,27.0,0.1156,"0.00,0.00,1.00"
3,20,Calibrated (SLSQP),0.9653,0.9918,0.7359,27.0,0.1159,"0.02,0.00,0.98"
4,2,R_NN only,0.9554,0.9915,0.8066,14.0,0.0565,"0.00,0.00,1.00"
4,2,Calibrated (SLSQP),0.9554,0.9915,0.8066,14.0,0.0565,"0.00,0.00,1.00"
4,5,R_NN only,0.9574,0.9919,0.771,22.0,0.0828,"0.00,0.00,1.00"
4,5,Calibrated (SLSQP),0.9575,0.9919,0.771,22.0,0.0828,"0.00,0.00,1.00"
4,10,R_NN only,0.9595,0.9922,0.742,26.0,0.0982,"0.00,0.00,1.00"
4,10,Calibrated (SLSQP),0.9593,0.9919,0.742,26.0,0.0982,"0.03,0.00,0.97"
4,20,R_NN only,0.9587,0.9921,0.7006,28.5,0.1225,"0.00,0.00,1.00"
4,20,Calibrated (SLSQP),0.9588,0.9921,0.7027,28.5,0.1212,"0.03,0.00,0.97"
5,2,R_NN only,0.9607,0.9915,0.7765,18.0,0.0761,"0.00,0.00,1.00"
5,2,Calibrated (SLSQP),0.9607,0.9915,0.7765,18.0,0.0761,"0.00,0.00,1.00"
5,5,R_NN only,0.9619,0.9917,0.7199,21.5,0.1103,"0.00,0.00,1.00"
5,5,Calibrated (SLSQP),0.9619,0.9917,0.7199,21.5,0.1103,"0.00,0.00,1.00"
5,10,R_NN only,0.9619,0.9918,0.7037,24.5,0.1212,"0.00,0.00,1.00"
5,10,Calibrated (SLSQP),0.9619,0.9918,0.7037,24.5,0.1212,"0.00,0.00,1.00"
5,20,R_NN only,0.9617,0.9917,0.6661,29.5,0.1467,"0.00,0.00,1.00"
5,20,Calibrated (SLSQP),0.9626,0.9913,0.6661,29.5,0.1467,"0.00,0.00,1.00"
6,2,R_NN only,0.9436,0.9882,0.7954,12.5,0.059,"0.00,0.00,1.00"
6,2,Calibrated (SLSQP),0.9436,0.9882,0.7954,12.5,0.059,"0.00,0.00,1.00"
6,5,R_NN only,0.945,0.9885,0.7626,20.0,0.0857,"0.00,0.00,1.00"
6,5,Calibrated (SLSQP),0.945,0.9885,0.7626,20.0,0.0857,"0.00,0.00,1.00"
6,10,R_NN only,0.941,0.9877,0.711,26.5,0.1173,"0.00,0.00,1.00"
6,10,Calibrated (SLSQP),0.9412,0.9877,0.711,26.5,0.1173,"0.01,0.00,0.99"
6,20,R_NN only,0.9438,0.9883,0.6842,27.5,0.1368,"0.00,0.00,1.00"
6,20,Calibrated (SLSQP),0.9451,0.9885,0.6842,27.5,0.1368,"0.00,0.02,0.98"
7,2,R_NN only,0.949,0.9883,0.7674,26.5,0.089,"0.00,0.00,1.00"
7,2,Calibrated (SLSQP),0.949,0.9883,0.7674,26.5,0.089,"0.00,0.00,1.00"
7,5,R_NN only,0.9487,0.9881,0.6918,33.0,0.1388,"0.00,0.00,1.00"
7,5,Calibrated (SLSQP),0.9487,0.9881,0.6918,33.0,0.1388,"0.00,0.00,1.00"
7,10,R_NN only,0.9478,0.988,0.6314,40.0,0.1844,"0.00,0.00,1.00"
7,10,Calibrated (SLSQP),0.9478,0.988,0.6314,40.0,0.1844,"0.00,0.00,1.00"
7,20,R_NN only,0.9497,0.9882,0.6015,52.5,0.2121,"0.00,0.00,1.00"
7,20,Calibrated (SLSQP),0.9496,0.9882,0.6019,52.5,0.2118,"0.00,0.00,1.00"
8,2,R_NN only,0.9446,0.9872,0.827,12.0,0.0311,"0.00,0.00,1.00"
8,2,Calibrated (SLSQP),0.9452,0.9876,0.827,12.0,0.0311,"0.00,0.01,0.99"
8,5,R_NN only,0.9441,0.9872,0.8088,18.0,0.0449,"0.00,0.00,1.00"
8,5,Calibrated (SLSQP),0.9453,0.9878,0.8059,18.0,0.0461,"0.00,0.02,0.98"
8,10,R_NN only,0.9444,0.9874,0.7975,16.0,0.0595,"0.00,0.00,1.00"
8,10,Calibrated (SLSQP),0.9449,0.9876,0.7968,16.0,0.0598,"0.00,0.02,0.98"
8,20,R_NN only,0.9482,0.9886,0.7898,12.0,0.0718,"0.00,0.00,1.00"
8,20,Calibrated (SLSQP),0.9493,0.9888,0.7898,12.0,0.0718,"0.01,0.01,0.98"
9,2,R_NN only,0.9509,0.9892,0.8014,17.0,0.0626,"0.00,0.00,1.00"
9,2,Calibrated (SLSQP),0.9509,0.9892,0.8014,17.0,0.0626,"0.00,0.00,1.00"
9,5,R_NN only,0.9511,0.989,0.7829,17.5,0.0788,"0.00,0.00,1.00"
9,5,Calibrated (SLSQP),0.9511,0.989,0.7829,17.5,0.0788,"0.00,0.00,1.00"
9,10,R_NN only,0.951,0.9891,0.749,22.0,0.0986,"0.00,0.00,1.00"
9,10,Calibrated (SLSQP),0.951,0.9891,0.749,22.0,0.0986,"0.00,0.00,1.00"
9,20,R_NN only,0.9494,0.9888,0.7184,26.5,0.1204,"0.00,0.00,1.00"
9,20,Calibrated (SLSQP),0.9494,0.9888,0.7184,26.5,0.1204,"0.00,0.00,1.00"
