seed,rul_variant,config,pr_auc,roc_auc,mcc,lead_time_cycles,weights
0,shared,R_anom only,0.3291,0.8104,0.4058,161.0,"1.00,0.00,0.00"
0,shared,R_NN only,0.9504,0.9886,0.7876,21.0,"1.00,0.00,0.00"
0,mse-point,R_RUL only,0.9437,0.9858,0.618,161.0,"0.00,1.00,0.00"
0,mse-point,Equal weights,0.9372,0.9789,0.5573,161.0,"0.33,0.33,0.33"
0,mse-point,Calibrated (SLSQP),0.9504,0.9886,0.7876,21.0,"0.00,0.00,1.00"
0,quantile,R_RUL only,0.9351,0.9866,0.8176,7.5,"0.00,1.00,0.00"
0,quantile,Equal weights,0.929,0.9731,0.6194,161.0,"0.33,0.33,0.33"
0,quantile,Calibrated (SLSQP),0.9504,0.9886,0.7876,21.0,"0.00,0.00,1.00"
0,quantile-cqr,R_RUL only,0.9317,0.9858,0.8029,15.0,"0.00,1.00,0.00"
0,quantile-cqr,Equal weights,0.9355,0.9773,0.6242,161.0,"0.33,0.33,0.33"
0,quantile-cqr,Calibrated (SLSQP),0.9504,0.9886,0.7876,21.0,"0.00,0.00,1.00"
1,shared,R_anom only,0.3133,0.8118,0.3553,179.0,"1.00,0.00,0.00"
1,shared,R_NN only,0.9481,0.9901,0.7585,15.0,"1.00,0.00,0.00"
1,mse-point,R_RUL only,0.9492,0.9897,0.5846,179.0,"0.00,1.00,0.00"
1,mse-point,Equal weights,0.9331,0.9859,0.4849,179.0,"0.33,0.33,0.33"
1,mse-point,Calibrated (SLSQP),0.9481,0.9901,0.7585,15.0,"0.00,0.00,1.00"
1,quantile,R_RUL only,0.9338,0.9887,0.8379,7.0,"0.00,1.00,0.00"
1,quantile,Equal weights,0.9357,0.984,0.6063,179.0,"0.33,0.33,0.33"
1,quantile,Calibrated (SLSQP),0.9486,0.9902,0.7605,15.0,"0.00,0.01,0.99"
1,quantile-cqr,R_RUL only,0.9454,0.9891,0.7972,12.5,"0.00,1.00,0.00"
1,quantile-cqr,Equal weights,0.9348,0.9852,0.5967,179.0,"0.33,0.33,0.33"
1,quantile-cqr,Calibrated (SLSQP),0.9481,0.9901,0.7585,15.0,"0.00,0.00,1.00"
2,shared,R_anom only,0.3284,0.8269,0.3551,175.0,"1.00,0.00,0.00"
2,shared,R_NN only,0.9529,0.9897,0.7185,19.5,"1.00,0.00,0.00"
2,mse-point,R_RUL only,0.9532,0.9897,0.474,171.0,"0.00,1.00,0.00"
2,mse-point,Equal weights,0.9406,0.9864,0.4825,175.0,"0.33,0.33,0.33"
2,mse-point,Calibrated (SLSQP),0.9537,0.9898,0.7121,24.5,"0.00,0.09,0.91"
2,quantile,R_RUL only,0.9608,0.9922,0.8562,8.5,"0.00,1.00,0.00"
2,quantile,Equal weights,0.9471,0.9849,0.5809,175.0,"0.33,0.33,0.33"
2,quantile,Calibrated (SLSQP),0.9563,0.9903,0.7284,17.0,"0.00,0.12,0.88"
2,quantile-cqr,R_RUL only,0.9633,0.9923,0.7699,20.0,"0.00,1.00,0.00"
2,quantile-cqr,Equal weights,0.9445,0.9866,0.5706,175.0,"0.33,0.33,0.33"
2,quantile-cqr,Calibrated (SLSQP),0.9542,0.9899,0.7227,17.5,"0.00,0.05,0.95"
3,shared,R_anom only,0.3504,0.8243,0.3299,167.0,"1.00,0.00,0.00"
3,shared,R_NN only,0.9655,0.9923,0.756,20.5,"1.00,0.00,0.00"
3,mse-point,R_RUL only,0.9659,0.9915,0.5565,167.0,"0.00,1.00,0.00"
3,mse-point,Equal weights,0.9552,0.9881,0.5092,167.0,"0.33,0.33,0.33"
3,mse-point,Calibrated (SLSQP),0.9649,0.9915,0.756,20.5,"0.02,0.00,0.98"
3,quantile,R_RUL only,0.9697,0.993,0.8745,7.0,"0.00,1.00,0.00"
3,quantile,Equal weights,0.9597,0.986,0.6135,167.0,"0.33,0.33,0.33"
3,quantile,Calibrated (SLSQP),0.9727,0.9937,0.7765,16.0,"0.00,0.34,0.66"
3,quantile-cqr,R_RUL only,0.9709,0.993,0.8136,15.0,"0.00,1.00,0.00"
3,quantile-cqr,Equal weights,0.9582,0.9877,0.6023,167.0,"0.33,0.33,0.33"
3,quantile-cqr,Calibrated (SLSQP),0.9688,0.993,0.7586,20.5,"0.00,0.10,0.90"
4,shared,R_anom only,0.3604,0.8592,0.4057,168.0,"1.00,0.00,0.00"
4,shared,R_NN only,0.9576,0.992,0.7433,27.0,"1.00,0.00,0.00"
4,mse-point,R_RUL only,0.9566,0.9919,0.0,168.0,"0.00,1.00,0.00"
4,mse-point,Equal weights,0.9521,0.9904,0.5377,168.0,"0.33,0.33,0.33"
4,mse-point,Calibrated (SLSQP),0.9579,0.9917,0.7428,27.0,"0.02,0.00,0.98"
4,quantile,R_RUL only,0.9571,0.9926,0.8783,7.0,"0.00,1.00,0.00"
4,quantile,Equal weights,0.957,0.9898,0.6453,166.0,"0.33,0.33,0.33"
4,quantile,Calibrated (SLSQP),0.9628,0.993,0.7638,23.0,"0.00,0.27,0.73"
4,quantile-cqr,R_RUL only,0.9659,0.993,0.7918,19.0,"0.00,1.00,0.00"
4,quantile-cqr,Equal weights,0.9545,0.9899,0.6285,166.0,"0.33,0.33,0.33"
4,quantile-cqr,Calibrated (SLSQP),0.9597,0.9923,0.7443,27.0,"0.00,0.06,0.94"
5,shared,R_anom only,0.3564,0.8446,0.331,174.5,"1.00,0.00,0.00"
5,shared,R_NN only,0.9624,0.9918,0.6944,28.0,"1.00,0.00,0.00"
5,mse-point,R_RUL only,0.959,0.9903,0.0,174.5,"0.00,1.00,0.00"
5,mse-point,Equal weights,0.9613,0.9867,0.4697,174.5,"0.33,0.33,0.33"
5,mse-point,Calibrated (SLSQP),0.9624,0.9918,0.6944,28.0,"0.00,0.00,1.00"
5,quantile,R_RUL only,0.9713,0.9932,0.8592,12.0,"0.00,1.00,0.00"
5,quantile,Equal weights,0.9686,0.9874,0.5926,174.5,"0.33,0.33,0.33"
5,quantile,Calibrated (SLSQP),0.9686,0.9929,0.7013,28.0,"0.00,0.13,0.87"
5,quantile-cqr,R_RUL only,0.9713,0.9933,0.7531,21.0,"0.00,1.00,0.00"
5,quantile-cqr,Equal weights,0.9663,0.9883,0.5717,174.5,"0.33,0.33,0.33"
5,quantile-cqr,Calibrated (SLSQP),0.9627,0.9919,0.6944,28.0,"0.00,0.00,1.00"
6,shared,R_anom only,0.3479,0.8456,0.4104,168.5,"1.00,0.00,0.00"
6,shared,R_NN only,0.9417,0.988,0.7266,23.0,"1.00,0.00,0.00"
6,mse-point,R_RUL only,0.9442,0.9878,0.5463,168.5,"0.00,1.00,0.00"
6,mse-point,Equal weights,0.9356,0.9843,0.5135,168.5,"0.33,0.33,0.33"
6,mse-point,Calibrated (SLSQP),0.9417,0.988,0.7266,23.0,"0.00,0.00,1.00"
6,quantile,R_RUL only,0.949,0.9899,0.8459,10.0,"0.00,1.00,0.00"
6,quantile,Equal weights,0.9378,0.9814,0.6093,168.5,"0.33,0.33,0.33"
6,quantile,Calibrated (SLSQP),0.9437,0.9883,0.7295,22.0,"0.00,0.02,0.98"
6,quantile-cqr,R_RUL only,0.9546,0.9901,0.7961,20.5,"0.00,1.00,0.00"
6,quantile-cqr,Equal weights,0.9394,0.9838,0.5975,168.5,"0.33,0.33,0.33"
6,quantile-cqr,Calibrated (SLSQP),0.9419,0.988,0.7266,23.0,"0.00,0.00,1.00"
7,shared,R_anom only,0.4065,0.8771,0.3961,164.0,"1.00,0.00,0.00"
7,shared,R_NN only,0.9494,0.9885,0.6404,45.0,"1.00,0.00,0.00"
7,mse-point,R_RUL only,0.9574,0.9901,0.4219,164.0,"0.00,1.00,0.00"
7,mse-point,Equal weights,0.9439,0.9867,0.4851,164.0,"0.33,0.33,0.33"
7,mse-point,Calibrated (SLSQP),0.9494,0.9885,0.6404,45.0,"0.00,0.00,1.00"
7,quantile,R_RUL only,0.9496,0.9899,0.8598,12.5,"0.00,1.00,0.00"
7,quantile,Equal weights,0.9527,0.9873,0.57,164.0,"0.33,0.33,0.33"
7,quantile,Calibrated (SLSQP),0.9558,0.9897,0.6489,48.0,"0.00,0.09,0.91"
7,quantile-cqr,R_RUL only,0.9632,0.9908,0.7862,22.5,"0.00,1.00,0.00"
7,quantile-cqr,Equal weights,0.9502,0.9871,0.5603,164.0,"0.33,0.33,0.33"
7,quantile-cqr,Calibrated (SLSQP),0.95,0.9886,0.6408,45.0,"0.00,0.01,0.99"
8,shared,R_anom only,0.2925,0.7652,0.2745,164.0,"1.00,0.00,0.00"
8,shared,R_NN only,0.9503,0.989,0.8011,17.0,"1.00,0.00,0.00"
8,mse-point,R_RUL only,0.9552,0.991,0.6083,164.0,"0.00,1.00,0.00"
8,mse-point,Equal weights,0.9486,0.9845,0.5047,164.0,"0.33,0.33,0.33"
8,mse-point,Calibrated (SLSQP),0.9508,0.9891,0.8018,15.0,"0.01,0.00,0.99"
8,quantile,R_RUL only,0.9654,0.993,0.8422,7.0,"0.00,1.00,0.00"
8,quantile,Equal weights,0.9368,0.975,0.6162,164.0,"0.33,0.33,0.33"
8,quantile,Calibrated (SLSQP),0.9531,0.9895,0.804,16.0,"0.00,0.10,0.90"
8,quantile-cqr,R_RUL only,0.9652,0.9929,0.8562,16.0,"0.00,1.00,0.00"
8,quantile-cqr,Equal weights,0.9482,0.9823,0.613,164.0,"0.33,0.33,0.33"
8,quantile-cqr,Calibrated (SLSQP),0.9518,0.9893,0.8024,16.0,"0.00,0.05,0.95"
9,shared,R_anom only,0.3549,0.8336,0.3903,162.5,"1.00,0.00,0.00"
9,shared,R_NN only,0.951,0.9892,0.7419,22.0,"1.00,0.00,0.00"
9,mse-point,R_RUL only,0.9509,0.9894,0.5465,160.5,"0.00,1.00,0.00"
9,mse-point,Equal weights,0.9451,0.9862,0.532,160.5,"0.33,0.33,0.33"
9,mse-point,Calibrated (SLSQP),0.9511,0.9892,0.743,22.0,"0.00,0.00,1.00"
9,quantile,R_RUL only,0.9525,0.9893,0.8356,4.0,"0.00,1.00,0.00"
9,quantile,Equal weights,0.9422,0.982,0.6315,160.5,"0.33,0.33,0.33"
9,quantile,Calibrated (SLSQP),0.9528,0.9894,0.7429,22.0,"0.00,0.03,0.97"
9,quantile-cqr,R_RUL only,0.9529,0.9891,0.8204,18.0,"0.00,1.00,0.00"
9,quantile-cqr,Equal weights,0.9439,0.9839,0.6223,160.5,"0.33,0.33,0.33"
9,quantile-cqr,Calibrated (SLSQP),0.9511,0.9892,0.7419,22.0,"0.00,0.00,1.00"
