seed,rul_variant,config,cost_bce_10to1,expected_cost_10to1,brier,mcc_at_thr,far_at_thr,weights
0,shared,R_anom only,1.4927,0.485,0.1819,0.4058,0.3265,[1. 0. 0.]
0,shared,R_NN only,0.3946,0.1268,0.0381,0.7869,0.0766,[0. 0. 1.]
0,mse-point,R_RUL only,0.6986,0.1852,0.1052,0.6122,0.2085,[0. 1. 0.]
0,mse-point,Equal weights,0.6846,0.2476,0.0731,0.5557,0.2487,[0.333 0.333 0.333]
0,mse-point,Calibrated (SLSQP),0.393,0.1268,0.0381,0.7869,0.0766,[0.    0.005 0.995]
0,quantile,R_RUL only,0.9644,0.3058,0.0378,0.8373,0.0162,[0. 1. 0.]
0,quantile,Equal weights,0.7338,0.2541,0.0492,0.6193,0.1662,[0.333 0.333 0.333]
0,quantile,Calibrated (SLSQP),0.3946,0.1268,0.0381,0.7869,0.0766,[0.000e+00 1.457e-16 1.000e+00]
0,quantile-cqr,R_RUL only,0.9652,0.1779,0.0423,0.8118,0.0504,[0. 1. 0.]
0,quantile-cqr,Equal weights,0.7652,0.2293,0.0523,0.6227,0.174,[0.333 0.333 0.333]
0,quantile-cqr,Calibrated (SLSQP),0.3946,0.1268,0.0381,0.7869,0.0766,[0. 0. 1.]
1,shared,R_anom only,1.2956,0.4574,0.2095,0.3553,0.4445,[1. 0. 0.]
1,shared,R_NN only,0.2466,0.0949,0.0502,0.7494,0.1001,[0. 0. 1.]
1,mse-point,R_RUL only,0.6576,0.1972,0.116,0.5724,0.231,[0. 1. 0.]
1,mse-point,Equal weights,0.5738,0.2843,0.0853,0.4797,0.3248,[0.333 0.333 0.333]
1,mse-point,Calibrated (SLSQP),0.2466,0.0949,0.0502,0.7494,0.1001,[0.000e+00 1.388e-16 1.000e+00]
1,quantile,R_RUL only,0.7282,0.2368,0.0322,0.8412,0.0202,[0. 1. 0.]
1,quantile,Equal weights,0.546,0.1844,0.053,0.6132,0.1856,[0.333 0.333 0.333]
1,quantile,Calibrated (SLSQP),0.2453,0.0949,0.0499,0.7494,0.1001,[0.    0.006 0.994]
1,quantile-cqr,R_RUL only,0.7537,0.1048,0.0365,0.8172,0.0564,[0. 1. 0.]
1,quantile-cqr,Equal weights,0.5872,0.183,0.0566,0.5993,0.2033,[0.333 0.333 0.333]
1,quantile-cqr,Calibrated (SLSQP),0.2466,0.0949,0.0502,0.7494,0.1001,[3.049e-16 0.000e+00 1.000e+00]
2,shared,R_anom only,1.2314,0.4713,0.1979,0.3551,0.4221,[1. 0. 0.]
2,shared,R_NN only,0.2788,0.1205,0.0602,0.7091,0.1218,[0. 0. 1.]
2,mse-point,R_RUL only,0.6558,0.2506,0.1299,0.5104,0.2937,[0. 1. 0.]
2,mse-point,Equal weights,0.5618,0.2823,0.0905,0.4805,0.3252,[0.333 0.333 0.333]
2,mse-point,Calibrated (SLSQP),0.2906,0.1224,0.0601,0.7055,0.124,[5.027e-17 5.601e-02 9.440e-01]
2,quantile,R_RUL only,0.4643,0.12,0.0233,0.8747,0.0271,[0. 1. 0.]
2,quantile,Equal weights,0.4775,0.2119,0.0519,0.579,0.2123,[0.333 0.333 0.333]
2,quantile,Calibrated (SLSQP),0.2661,0.1153,0.0521,0.7191,0.1157,[0.    0.114 0.886]
2,quantile-cqr,R_RUL only,0.7313,0.0824,0.0377,0.7857,0.08,[0. 1. 0.]
2,quantile-cqr,Equal weights,0.5761,0.2081,0.0589,0.5681,0.23,[0.333 0.333 0.333]
2,quantile-cqr,Calibrated (SLSQP),0.2808,0.1195,0.0583,0.7109,0.1207,[0.    0.034 0.966]
3,shared,R_anom only,1.2807,0.5142,0.1997,0.3299,0.4778,[1. 0. 0.]
3,shared,R_NN only,0.2434,0.0997,0.05,0.7539,0.1033,[0. 0. 1.]
3,mse-point,R_RUL only,0.6663,0.2109,0.1197,0.5657,0.2502,[0. 1. 0.]
3,mse-point,Equal weights,0.5667,0.2716,0.0849,0.5041,0.3102,[0.333 0.333 0.333]
3,mse-point,Calibrated (SLSQP),0.2449,0.0997,0.0496,0.7539,0.1033,[0.012 0.    0.988]
3,quantile,R_RUL only,0.5328,0.1562,0.0244,0.8768,0.0231,[0. 1. 0.]
3,quantile,Equal weights,0.4911,0.1957,0.0496,0.6173,0.1901,[0.333 0.333 0.333]
3,quantile,Calibrated (SLSQP),0.2637,0.0896,0.0333,0.7754,0.0913,[3.699e-17 3.255e-01 6.745e-01]
3,quantile-cqr,R_RUL only,0.7391,0.0894,0.0358,0.8196,0.064,[0. 1. 0.]
3,quantile-cqr,Equal weights,0.5785,0.1891,0.0556,0.6068,0.2063,[0.333 0.333 0.333]
3,quantile-cqr,Calibrated (SLSQP),0.2532,0.0992,0.0462,0.755,0.1027,[0.    0.079 0.921]
4,shared,R_anom only,1.1312,0.3948,0.16,0.4057,0.3497,[1. 0. 0.]
4,shared,R_NN only,0.2376,0.0989,0.0528,0.7353,0.1019,[0. 0. 1.]
4,mse-point,R_RUL only,0.6548,0.8622,0.1338,0.0,1.0,[0. 1. 0.]
4,mse-point,Equal weights,0.5291,0.2283,0.0796,0.532,0.2545,[0.333 0.333 0.333]
4,mse-point,Calibrated (SLSQP),0.2424,0.0987,0.0515,0.7358,0.1016,[2.795e-02 3.460e-17 9.720e-01]
4,quantile,R_RUL only,0.4597,0.1092,0.0239,0.8626,0.0312,[0. 1. 0.]
4,quantile,Equal weights,0.4392,0.1587,0.0446,0.6395,0.1583,[0.333 0.333 0.333]
4,quantile,Calibrated (SLSQP),0.2505,0.0912,0.0354,0.7561,0.0903,[5.190e-18 3.491e-01 6.509e-01]
4,quantile-cqr,R_RUL only,0.6894,0.0831,0.0367,0.7789,0.0784,[0. 1. 0.]
4,quantile-cqr,Equal weights,0.5373,0.1612,0.0506,0.6234,0.1741,[0.333 0.333 0.333]
4,quantile-cqr,Calibrated (SLSQP),0.2438,0.098,0.0502,0.7372,0.1008,[5.602e-18 5.639e-02 9.436e-01]
5,shared,R_anom only,1.1323,0.4854,0.1911,0.331,0.4645,[1. 0. 0.]
5,shared,R_NN only,0.2792,0.1212,0.0625,0.7048,0.1199,[0. 0. 1.]
5,mse-point,R_RUL only,0.6682,0.8588,0.143,0.0,1.0,[0. 1. 0.]
5,mse-point,Equal weights,0.54,0.2957,0.0914,0.4679,0.3257,[0.333 0.333 0.333]
5,mse-point,Calibrated (SLSQP),0.2792,0.1212,0.0625,0.7048,0.1199,[6.939e-17 1.665e-16 1.000e+00]
5,quantile,R_RUL only,0.3996,0.0993,0.019,0.8911,0.0228,[0. 1. 0.]
5,quantile,Equal weights,0.4384,0.2007,0.0484,0.5918,0.1939,[0.333 0.333 0.333]
5,quantile,Calibrated (SLSQP),0.2561,0.1189,0.0535,0.7092,0.1172,[0.   0.11 0.89]
5,quantile-cqr,R_RUL only,0.663,0.1005,0.0341,0.7765,0.0772,[0. 1. 0.]
5,quantile-cqr,Equal weights,0.5332,0.2057,0.0558,0.5766,0.2103,[0.333 0.333 0.333]
5,quantile-cqr,Calibrated (SLSQP),0.2791,0.1212,0.0625,0.7048,0.1199,[4.994e-18 4.324e-04 9.996e-01]
6,shared,R_anom only,1.177,0.3971,0.1751,0.4104,0.3603,[1. 0. 0.]
6,shared,R_NN only,0.2952,0.1183,0.0529,0.7265,0.1082,[0. 0. 1.]
6,mse-point,R_RUL only,0.6565,0.2206,0.1194,0.543,0.2582,[0. 1. 0.]
6,mse-point,Equal weights,0.5714,0.2558,0.0821,0.5124,0.2829,[0.333 0.333 0.333]
6,mse-point,Calibrated (SLSQP),0.2969,0.1183,0.0527,0.7265,0.1082,[0.005 0.004 0.992]
6,quantile,R_RUL only,0.5375,0.1725,0.0263,0.8397,0.0316,[0. 1. 0.]
6,quantile,Equal weights,0.5112,0.1978,0.0496,0.6088,0.1821,[0.333 0.333 0.333]
6,quantile,Calibrated (SLSQP),0.2922,0.1155,0.0489,0.7323,0.1049,[0.    0.072 0.928]
6,quantile-cqr,R_RUL only,0.6849,0.1051,0.0358,0.785,0.0736,[0. 1. 0.]
6,quantile-cqr,Equal weights,0.573,0.1997,0.0544,0.5946,0.198,[0.333 0.333 0.333]
6,quantile-cqr,Calibrated (SLSQP),0.296,0.1178,0.0521,0.7274,0.1077,[9.727e-18 1.676e-02 9.832e-01]
7,shared,R_anom only,1.0355,0.4003,0.1742,0.3961,0.4263,[1. 0. 0.]
7,shared,R_NN only,0.349,0.1689,0.0914,0.6281,0.188,[0. 0. 1.]
7,mse-point,R_RUL only,0.6799,0.3239,0.1424,0.4464,0.383,[0. 1. 0.]
7,mse-point,Equal weights,0.5534,0.2838,0.106,0.4852,0.3326,[0.333 0.333 0.333]
7,mse-point,Calibrated (SLSQP),0.349,0.1689,0.0913,0.6281,0.188,[1.103e-03 2.740e-16 9.989e-01]
7,quantile,R_RUL only,0.4924,0.1281,0.0267,0.8553,0.0365,[0. 1. 0.]
7,quantile,Equal weights,0.4492,0.2262,0.0617,0.5599,0.244,[0.333 0.333 0.333]
7,quantile,Calibrated (SLSQP),0.3048,0.1592,0.0708,0.6427,0.1765,[1.006e-17 1.805e-01 8.195e-01]
7,quantile-cqr,R_RUL only,0.6805,0.1014,0.0394,0.7604,0.0963,[0. 1. 0.]
7,quantile-cqr,Equal weights,0.5319,0.2339,0.0694,0.545,0.2619,[0.333 0.333 0.333]
7,quantile-cqr,Calibrated (SLSQP),0.3378,0.1669,0.0869,0.6311,0.1856,[9.210e-17 4.520e-02 9.548e-01]
8,shared,R_anom only,1.5032,0.6209,0.2292,0.2745,0.4937,[1. 0. 0.]
8,shared,R_NN only,0.358,0.1297,0.0385,0.8018,0.064,[0. 0. 1.]
8,mse-point,R_RUL only,0.6737,0.1724,0.1033,0.6153,0.2044,[0. 1. 0.]
8,mse-point,Equal weights,0.6464,0.2812,0.0795,0.5027,0.3034,[0.333 0.333 0.333]
8,mse-point,Calibrated (SLSQP),0.3598,0.1295,0.0383,0.8025,0.0637,[9.031e-03 4.378e-17 9.910e-01]
8,quantile,R_RUL only,0.9692,0.3534,0.0371,0.8333,0.009,[0. 1. 0.]
8,quantile,Equal weights,0.6846,0.2203,0.0522,0.6169,0.1774,[0.333 0.333 0.333]
8,quantile,Calibrated (SLSQP),0.3751,0.1302,0.0355,0.8059,0.0616,[5.164e-17 8.940e-02 9.106e-01]
8,quantile-cqr,R_RUL only,0.8773,0.1762,0.0377,0.8532,0.0293,[0. 1. 0.]
8,quantile-cqr,Equal weights,0.7,0.2133,0.0546,0.6089,0.19,[0.333 0.333 0.333]
8,quantile-cqr,Calibrated (SLSQP),0.3655,0.13,0.0372,0.8012,0.0643,[0.    0.045 0.955]
9,shared,R_anom only,1.266,0.448,0.178,0.3903,0.3795,[1. 0. 0.]
9,shared,R_NN only,0.302,0.1172,0.0498,0.748,0.1003,[0. 0. 1.]
9,mse-point,R_RUL only,0.6944,0.2382,0.1191,0.5317,0.2818,[0. 1. 0.]
9,mse-point,Equal weights,0.5949,0.2432,0.0791,0.5345,0.2729,[0.333 0.333 0.333]
9,mse-point,Calibrated (SLSQP),0.302,0.1172,0.0498,0.748,0.1003,[7.98e-17 0.00e+00 1.00e+00]
9,quantile,R_RUL only,0.8963,0.3125,0.0351,0.8464,0.0097,[0. 1. 0.]
9,quantile,Equal weights,0.611,0.2078,0.0487,0.6308,0.1661,[0.333 0.333 0.333]
9,quantile,Calibrated (SLSQP),0.3023,0.1165,0.0479,0.7496,0.0994,[1.406e-17 2.920e-02 9.708e-01]
9,quantile-cqr,R_RUL only,0.8777,0.1434,0.0394,0.8293,0.0457,[0. 1. 0.]
9,quantile-cqr,Equal weights,0.6414,0.2005,0.0527,0.6175,0.1841,[0.333 0.333 0.333]
9,quantile-cqr,Calibrated (SLSQP),0.3021,0.1172,0.0496,0.748,0.1003,[0.    0.002 0.998]
