config,pr_auc,roc_auc,mcc,lead_time_cycles,weights,seed
R_anom only,0.3291,0.8104,0.4058,161.0,"1.00,0.00,0.00",0
R_RUL only,0.9438,0.9862,0.6254,161.0,"0.00,1.00,0.00",0
R_NN only,0.9499,0.9885,0.7847,16.0,"0.00,0.00,1.00",0
Equal weights,0.9367,0.9787,0.5531,161.0,"0.33,0.33,0.33",0
Calibrated (SLSQP),0.95,0.9885,0.784,16.0,"0.00,0.00,1.00",0
R_anom only,0.3133,0.8118,0.3553,179.0,"1.00,0.00,0.00",1
R_RUL only,0.9497,0.9902,0.5812,179.0,"0.00,1.00,0.00",1
R_NN only,0.9458,0.9896,0.7555,22.5,"0.00,0.00,1.00",1
Equal weights,0.9313,0.9862,0.486,179.0,"0.33,0.33,0.33",1
Calibrated (SLSQP),0.9458,0.9896,0.7555,22.5,"0.00,0.00,1.00",1
R_anom only,0.3284,0.8269,0.3551,175.0,"1.00,0.00,0.00",2
R_RUL only,0.9491,0.9888,0.5178,171.0,"0.00,1.00,0.00",2
R_NN only,0.9527,0.9897,0.7127,20.5,"0.00,0.00,1.00",2
Equal weights,0.9413,0.9868,0.4818,175.0,"0.33,0.33,0.33",2
Calibrated (SLSQP),0.9532,0.9898,0.7095,20.5,"0.00,0.07,0.93",2
R_anom only,0.3504,0.8243,0.3299,167.0,"1.00,0.00,0.00",3
R_RUL only,0.968,0.9917,0.57,167.0,"0.00,1.00,0.00",3
R_NN only,0.9665,0.9926,0.7361,22.0,"0.00,0.00,1.00",3
Equal weights,0.956,0.9885,0.5034,167.0,"0.33,0.33,0.33",3
Calibrated (SLSQP),0.9665,0.9926,0.7366,22.0,"0.01,0.00,0.99",3
R_anom only,0.3604,0.8592,0.4057,168.0,"1.00,0.00,0.00",4
R_RUL only,0.9541,0.991,0.0,168.0,"0.00,1.00,0.00",4
R_NN only,0.9596,0.9923,0.7404,27.0,"0.00,0.00,1.00",4
Equal weights,0.9514,0.9896,0.5335,168.0,"0.33,0.33,0.33",4
Calibrated (SLSQP),0.9596,0.9921,0.7404,27.0,"0.02,0.00,0.98",4
R_anom only,0.3564,0.8446,0.331,174.5,"1.00,0.00,0.00",5
R_RUL only,0.9195,0.9887,0.4503,170.5,"0.00,1.00,0.00",5
R_NN only,0.9597,0.9914,0.705,23.0,"0.00,0.00,1.00",5
Equal weights,0.9609,0.9867,0.4697,174.5,"0.33,0.33,0.33",5
Calibrated (SLSQP),0.9597,0.9914,0.705,23.0,"0.00,0.00,1.00",5
R_anom only,0.3479,0.8456,0.4104,168.5,"1.00,0.00,0.00",6
R_RUL only,0.9456,0.988,0.5556,168.5,"0.00,1.00,0.00",6
R_NN only,0.9426,0.9882,0.7041,27.0,"0.00,0.00,1.00",6
Equal weights,0.9361,0.9844,0.5087,168.5,"0.33,0.33,0.33",6
Calibrated (SLSQP),0.9426,0.9882,0.7041,27.0,"0.00,0.00,1.00",6
R_anom only,0.4065,0.8771,0.3961,164.0,"1.00,0.00,0.00",7
R_RUL only,0.9511,0.9886,0.4274,164.0,"0.00,1.00,0.00",7
R_NN only,0.948,0.9881,0.6174,45.0,"0.00,0.00,1.00",7
Equal weights,0.9396,0.986,0.4755,164.0,"0.33,0.33,0.33",7
Calibrated (SLSQP),0.948,0.9881,0.6174,45.0,"0.00,0.00,1.00",7
R_anom only,0.2925,0.7652,0.2745,164.0,"1.00,0.00,0.00",8
R_RUL only,0.9547,0.9904,0.6282,164.0,"0.00,1.00,0.00",8
R_NN only,0.9428,0.9868,0.7911,21.0,"0.00,0.00,1.00",8
Equal weights,0.9446,0.9829,0.5049,164.0,"0.33,0.33,0.33",8
Calibrated (SLSQP),0.9438,0.9872,0.7898,20.5,"0.00,0.02,0.98",8
R_anom only,0.3549,0.8336,0.3903,162.5,"1.00,0.00,0.00",9
R_RUL only,0.9485,0.9899,0.5379,160.5,"0.00,1.00,0.00",9
R_NN only,0.9498,0.989,0.7532,20.5,"0.00,0.00,1.00",9
Equal weights,0.945,0.9856,0.5345,160.5,"0.33,0.33,0.33",9
Calibrated (SLSQP),0.9498,0.989,0.7532,20.5,"0.00,0.00,1.00",9
